ID,Description,GeneRatio,BgRatio,pvalue,p.adjust,qvalue,geneID,Count
WP_PHOTODYNAMIC_THERAPYINDUCED_UNFOLDED_PROTEIN_RESPONSE,WP_PHOTODYNAMIC_THERAPYINDUCED_UNFOLDED_PROTEIN_RESPONSE,10/504,27/6597,1.5913902560101684e-5,0.006672858976850138,0.006049709783959154,467/468/22926/27113/10018/811/9695/2081/23645/7494,10
WP_UNFOLDED_PROTEIN_RESPONSE,WP_UNFOLDED_PROTEIN_RESPONSE,9/504,24/6597,3.813652158439104e-5,0.006672858976850138,0.006049709783959154,468/22926/27113/10018/841/2081/23645/10628/7494,9
WP_IL3_SIGNALING_PATHWAY,WP_IL3_SIGNALING_PATHWAY,13/504,48/6597,4.144632904875862e-5,0.006672858976850138,0.006049709783959154,598/1232/942/9846/3716/3725/5595/5777/2889/6464/6850/7040/7409,13
WP_IMATINIB_AND_CHRONIC_MYELOID_LEUKEMIA,WP_IMATINIB_AND_CHRONIC_MYELOID_LEUKEMIA,8/504,21/6597,9.156875958449295e-5,0.011056927719827523,0.010024369470302387,613/1027/2309/9846/4609/5292/11040/200734,8
WP_HEPATITIS_C_AND_HEPATOCELLULAR_CARCINOMA,WP_HEPATITIS_C_AND_HEPATOCELLULAR_CARCINOMA,12/504,47/6597,1.52284983334465e-4,0.014710729390109319,0.013336958540449986,598/332/960/1026/1870/3570/3716/3725/5595/4609/4088/7040,12
WP_SELECTIVE_EXPRESSION_OF_CHEMOKINE_RECEPTORS_DURING_TCELL_POLARIZATION,WP_SELECTIVE_EXPRESSION_OF_CHEMOKINE_RECEPTORS_DURING_TCELL_POLARIZATION,9/504,29/6597,2.0667756229122264e-4,0.016637543764443423,0.015083836125113794,6348/1230/729230/1232/1234/940/3460/3566/7040,9
WP_APOPTOSIS,WP_APOPTOSIS,16/504,83/6597,4.5038968474319356e-4,0.031076888247280356,0.02817475321100279,27113/598/10018/332/843/841/8837/3659/3660/3662/3663/3725/4170/4609/7132/7185,16
WP_B_CELL_RECEPTOR_SIGNALING_PATHWAY,WP_B_CELL_RECEPTOR_SIGNALING_PATHWAY,17/504,96/6597,8.41516762956739e-4,0.04717231913869353,0.04276710201960665,27071/2549/9846/3662/3725/4208/4209/4609/5294/5336/5777/5880/2889/25780/6464/6850/7409,17
WP_IL2_SIGNALING_PATHWAY,WP_IL2_SIGNALING_PATHWAY,10/504,42/6597,9.766525701592865e-4,0.04717231913869353,0.04276710201960665,894/2309/9846/3716/3725/5595/4609/2185/6464/6850,10
WP_IL6_SIGNALING_PATHWAY,WP_IL6_SIGNALING_PATHWAY,10/504,42/6597,9.766525701592865e-4,0.04717231913869353,0.04276710201960665,598/2549/3570/3572/3659/3716/5595/639/6464/7409,10
WP_MODULATORS_OF_TCR_SIGNALING_AND_T_CELL_ACTIVATION,WP_MODULATORS_OF_TCR_SIGNALING_AND_T_CELL_ACTIVATION,12/504,58/6597,0.001199728723723068,0.0526789975962038,0.04775953579605706,940/1027/9158/10672/4209/5094/5777/5922/399/6598/7128/7409,12
WP_GASTRIC_CANCER_NETWORK_2,WP_GASTRIC_CANCER_NETWORK_2,8/504,31/6597,0.0017952010997766615,0.07057970555670234,0.06398857472286842,962/10153/79075/3930/84823/4609/55593/7153,8
WP_SARSCOV2_INNATE_IMMUNITY_EVASION_AND_CELLSPECIFIC_IMMUNE_RESPONSE,WP_SARSCOV2_INNATE_IMMUNITY_EVASION_AND_CELLSPECIFIC_IMMUNE_RESPONSE,12/504,61/6597,0.0018996608120851561,0.07057970555670234,0.06398857472286842,164/841/6348/3454/3455/3570/3716/8480/4088/7040/7188/7706,12
WP_GLUCOCORTICOID_RECEPTOR_PATHWAY,WP_GLUCOCORTICOID_RECEPTOR_PATHWAY,12/504,62/6597,0.002196507822906917,0.07577951989028864,0.0687028010773893,11057/11214/10602/80315/121512/4616/3725/5142/10728/6397/9792/7128,12
WP_GLIOBLASTOMA_SIGNALING_PATHWAYS,WP_GLIOBLASTOMA_SIGNALING_PATHWAYS,14/504,81/6597,0.0029855345596965124,0.08487875508731674,0.07695229839015749,894/1021/1026/1027/2064/2309/2549/3667/5595/4194/5287/5294/5336/5584,14
WP_IL18_SIGNALING_PATHWAY,WP_IL18_SIGNALING_PATHWAY,31/504,243/6597,0.003021561345285683,0.08487875508731674,0.07695229839015749,467/567/598/7832/841/26093/6346/6348/8837/3068/3162/3383/3659/3725/10365/84823/9208/5595/56257/4666/4717/64332/10848/5834/8480/22821/6667/7128/7132/7185/8078,31
WP_DNA_DAMAGE_RESPONSE_ONLY_ATM_DEPENDENT,WP_DNA_DAMAGE_RESPONSE_ONLY_ATM_DEPENDENT,17/504,108/6597,0.003163183419403108,0.08487875508731674,0.07695229839015749,27113/10018/894/1026/1027/2064/2309/3667/3725/4609/5287/5294/5880/6464/4088/7040/80326,17
WP_GASTRIN_SIGNALING_PATHWAY,WP_GASTRIN_SIGNALING_PATHWAY,17/504,108/6597,0.003163183419403108,0.08487875508731674,0.07695229839015749,598/332/960/1026/1027/2309/51564/3667/3725/4296/5595/4208/4209/4609/388/6464/6667,17
WP_HEMATOPOIETIC_STEM_CELL_GENE_REGULATION_BY_GABP_ALPHABETA_COMPLEX,WP_HEMATOPOIETIC_STEM_CELL_GENE_REGULATION_BY_GABP_ALPHABETA_COMPLEX,6/504,21/6597,0.0038838659924597774,0.09392591244680683,0.08515458118747225,598/1786/1788/2309/4170/6597,6
WP_NONALCOHOLIC_FATTY_LIVER_DISEASE,WP_NONALCOHOLIC_FATTY_LIVER_DISEASE,21/504,148/6597,0.00402221264204496,0.09392591244680683,0.08515458118747225,468/27113/10018/841/9377/2081/3570/3667/3725/4296/6945/4709/4717/4720/4728/4729/6391/4092/7040/7132/7494,21
WP_TUMOR_SUPPRESSOR_ACTIVITY_OF_SMARCB1,WP_TUMOR_SUPPRESSOR_ACTIVITY_OF_SMARCB1,7/504,28/6597,0.004192968198304207,0.09392591244680683,0.08515458118747225,8289/1021/5977/5727/6597/6598/6605,7
WP_INTEGRATED_CANCER_PATHWAY,WP_INTEGRATED_CANCER_PATHWAY,9/504,43/6597,0.004451641913723939,0.09392591244680683,0.08515458118747225,27113/841/1026/1027/11200/3716/4609/10111/4088,9
WP_EGFEGFR_SIGNALING_PATHWAY,WP_EGFEGFR_SIGNALING_PATHWAY,22/504,159/6597,0.004472662497466992,0.09392591244680683,0.08515458118747225,9138/857/1445/58513/2064/2549/9846/9922/3716/3725/4208/4209/4605/8440/8202/5111/5287/5584/2185/6464/6667/7409,22
WP_TRANSSULFURATION_PATHWAY,WP_TRANSSULFURATION_PATHWAY,4/504,10/6597,0.00487278873167775,0.09663859628178809,0.08761393931180962,191/875/51380/1786,4
WP_ANGIOTENSIN_II_RECEPTOR_TYPE_1_PATHWAY,WP_ANGIOTENSIN_II_RECEPTOR_TYPE_1_PATHWAY,6/504,22/6597,0.005001997737152593,0.09663859628178809,0.08761393931180962,2161/3572/4088/6667/7040/7048,6
WP_PHOSPHOINOSITIDES_METABOLISM,WP_PHOSPHOINOSITIDES_METABOLISM,9/504,45/6597,0.006104365596355409,0.11009055085288164,0.09980967452282613,54893/10903/54545/5287/5294/8396/5336/22908/81846,9
WP_NONSMALL_CELL_LUNG_CANCER,WP_NONSMALL_CELL_LUNG_CANCER,12/504,70/6597,0.006193260209950219,0.11009055085288164,0.09980967452282613,841/1021/1026/1870/27436/2064/2309/4616/5595/5336/83593/6789,12
WP_EGFR_TYROSINE_KINASE_INHIBITOR_RESISTANCE,WP_EGFR_TYROSINE_KINASE_INHIBITOR_RESISTANCE,13/504,79/6597,0.0063820609190076314,0.11009055085288164,0.09980967452282613,598/10018/2064/2309/2549/2621/3570/3716/5595/4609/5155/5336/6464,13
WP_ENDOPLASMIC_RETICULUM_STRESS_RESPONSE_IN_CORONAVIRUS_INFECTION,WP_ENDOPLASMIC_RETICULUM_STRESS_RESPONSE_IN_CORONAVIRUS_INFECTION,9/504,46/6597,0.007090134641496008,0.11745545782410573,0.10648680495767239,468/22926/2081/4660/23645/84919/26051/5504/7494,9
WP_PROTEOGLYCAN_BIOSYNTHESIS,WP_PROTEOGLYCAN_BIOSYNTHESIS,5/504,17/6597,0.00729537005118669,0.11745545782410573,0.10648680495767239,26229/113189/22856/55790/64131,5
WP_IL7_SIGNALING_PATHWAY,WP_IL7_SIGNALING_PATHWAY,6/504,24/6597,0.007918836087771745,0.11963287313908584,0.10846088095425459,598/1027/3716/5595/4609/2185,6
WP_NEUROINFLAMMATION_AND_GLUTAMATERGIC_SIGNALING,WP_NEUROINFLAMMATION_AND_GLUTAMATERGIC_SIGNALING,18/504,128/6597,0.00817367456229779,0.11963287313908584,0.10846088095425459,3460/3587/3588/3566/3570/3572/3667/3716/5595/6509/54407/4088/4092/63826/7040/7048/7132/7188,18
WP_TGFBETA_SIGNALING_PATHWAY,WP_TGFBETA_SIGNALING_PATHWAY,18/504,128/6597,0.00817367456229779,0.11963287313908584,0.10846088095425459,467/857/1026/3725/1316/4208/4609/6464/150094/6498/4088/4092/6667/6711/10454/7015/7040/7048,18
WP_CHROMOSOMAL_AND_MICROSATELLITE_INSTABILITY_IN_COLORECTAL_CANCER,WP_CHROMOSOMAL_AND_MICROSATELLITE_INSTABILITY_IN_COLORECTAL_CANCER,12/504,73/6597,0.008689613995591228,0.12344363411384009,0.11191577158408518,27113/10018/332/1026/4616/3725/5595/4609/5880/4088/7040/7048,12
WP_GENES_ASSOCIATED_WITH_THE_DEVELOPMENT_OF_RHEUMATOID_ARTHRITIS,WP_GENES_ASSOCIATED_WITH_THE_DEVELOPMENT_OF_RHEUMATOID_ARTHRITIS,5/504,18/6597,0.009478971133093764,0.12792378622304895,0.1159775418302024,4261/3572/3663/26147/7185,5
WP_IL5_SIGNALING_PATHWAY,WP_IL5_SIGNALING_PATHWAY,8/504,40/6597,0.009534692140848369,0.12792378622304895,0.1159775418302024,2309/3716/3725/5595/4609/5294/6464/6850,8
WP_IL10_ANTIINFLAMMATORY_SIGNALING_PATHWAY,WP_IL10_ANTIINFLAMMATORY_SIGNALING_PATHWAY,4/504,12/6597,0.010157197074522006,0.12971393273232817,0.11760051436558468,3162/3587/3588/3716,4
WP_TGFBETA_RECEPTOR_SIGNALING_IN_SKELETAL_DYSPLASIAS,WP_TGFBETA_RECEPTOR_SIGNALING_IN_SKELETAL_DYSPLASIAS,10/504,57/6597,0.010205236943744245,0.12971393273232817,0.11760051436558468,3716/3725/7044/4054/5595/6498/4088/4092/7040/7048,10
WP_ADIPOGENESIS,WP_ADIPOGENESIS,17/504,122/6597,0.01092604510486983,0.1353148662987725,0.12267840117748582,1026/1592/4616/3399/3572/3667/1316/4000/23175/4154/4208/4209/4282/5914/4088/6667/7040,17
WP_PROLACTIN_SIGNALING_PATHWAY,WP_PROLACTIN_SIGNALING_PATHWAY,12/504,76/6597,0.01190938225563369,0.1438057907367768,0.1303763952195688,2064/9846/3659/3667/3716/3725/5595/4609/5294/5777/6464/7409,12
WP_PHOTODYNAMIC_THERAPYINDUCED_AP1_SURVIVAL_SIGNALING,WP_PHOTODYNAMIC_THERAPYINDUCED_AP1_SURVIVAL_SIGNALING,9/504,50/6597,0.012291597638742923,0.14480101608567883,0.1312786808143018,598/10018/90427/1026/8837/3725/4170/7132/7188,9
WP_INSULIN_SIGNALING,WP_INSULIN_SIGNALING,20/504,154/6597,0.01296861825359279,0.1491391099163171,0.1352116589848271,375/2319/2309/2549/3631/3667/3725/4296/7786/9175/8491/5595/5294/5584/5880/2889/23433/6464/6844/7494,20
WP_VEGFAVEGFR2_SIGNALING_PATHWAY,WP_VEGFAVEGFR2_SIGNALING_PATHWAY,43/504,401/6597,0.013411132595138282,0.1506413265919021,0.13657359019773627,8754/81575/468/22926/9114/598/332/56905/811/857/9034/1192/1445/1847/2081/2309/2549/2597/51564/9709/3383/3418/51278/3693/3725/5595/9261/4208/9645/4627/10397/57326/9659/5584/2185/5777/326624/2889/6464/114789/7295/81567/10628,43
WP_RANKLRANK_SIGNALING_PATHWAY,WP_RANKLRANK_SIGNALING_PATHWAY,9/504,51/6597,0.013949022954521615,0.15312222925077135,0.1388228121789711,9846/3383/3725/5595/5971/6850/10454/7185/7188,9
WP_TYPE_II_INTERFERON_SIGNALING_IFNG,WP_TYPE_II_INTERFERON_SIGNALING_IFNG,7/504,35/6597,0.01497259995210819,0.1607059061526279,0.14569828257490078,4261/3383/3460/3659/3660/3662/3716,7
WP_INTERFERON_TYPE_I_SIGNALING_PATHWAYS,WP_INTERFERON_TYPE_I_SIGNALING_PATHWAYS,9/504,53/6597,0.017751260326828448,0.17917705111038268,0.16244448787603616,9846/3454/3455/3667/3716/27250/5777/2889/7409,9
WP_TGFBETA_RECEPTOR_SIGNALING,WP_TGFBETA_RECEPTOR_SIGNALING,9/504,53/6597,0.017751260326828448,0.17917705111038268,0.16244448787603616,3716/3725/7044/5595/6498/4088/4092/7040/7048,9
WP_HEAD_AND_NECK_SQUAMOUS_CELL_CARCINOMA,WP_HEAD_AND_NECK_SQUAMOUS_CELL_CARCINOMA,11/504,71/6597,0.017948026111155965,0.17917705111038268,0.16244448787603616,841/1021/1026/54541/2064/2549/9817/4853/5294/7015/7048,11
WP_MAPK_PATHWAY_IN_CONGENITAL_THYROID_CANCER,WP_MAPK_PATHWAY_IN_CONGENITAL_THYROID_CANCER,4/504,14/6597,0.01817738199670549,0.17917705111038268,0.16244448787603616,3725/5595/4609/6464,4
WP_HEPATITIS_B_INFECTION,WP_HEPATITIS_B_INFECTION,19/504,150/6597,0.019413553601552145,0.18753492779099373,0.17002185891043564,468/332/843/841/1026/64764/3454/9641/3716/3725/5595/4609/5111/2185/4088/10454/7040/7048/114609,19
WP_IL4_SIGNALING_PATHWAY,WP_IL4_SIGNALING_PATHWAY,9/504,55/6597,0.022257500176027158,0.206844339012104,0.18752804844510249,332/9846/3566/3667/3716/5595/4783/5777/6464,9
WP_HOSTPATHOGEN_INTERACTION_OF_HUMAN_CORONAVIRUSES_APOPTOSIS,WP_HOSTPATHOGEN_INTERACTION_OF_HUMAN_CORONAVIRUSES_APOPTOSIS,5/504,22/6597,0.022624007105885656,0.206844339012104,0.18752804844510249,27113/598/10018/841/4170,5
WP_CELL_CYCLE,WP_CELL_CYCLE,16/504,122/6597,0.022697204901949302,0.206844339012104,0.18752804844510249,894/8881/990/1021/1026/1027/11200/1870/9700/4616/4174/4609/5111/4088/9126/7040,16
WP_FOXP3_IN_COVID19,WP_FOXP3_IN_COVID19,4/504,15/6597,0.023324711452279497,0.20862658576761106,0.1891438589502587,940/942/3570/3572,4
WP_DNA_DAMAGE_RESPONSE,WP_DNA_DAMAGE_RESPONSE,10/504,66/6597,0.02701359463675409,0.23003943236261395,0.2085570532044185,27113/841/894/1021/1026/1027/11200/4616/4609/10111,10
WP_IMMUNE_RESPONSE_TO_TUBERCULOSIS,WP_IMMUNE_RESPONSE_TO_TUBERCULOSIS,5/504,23/6597,0.027147510651488606,0.23003943236261395,0.2085570532044185,3454/3455/3460/3659/3716,5
WP_PHOTODYNAMIC_THERAPYINDUCED_NFE2L2_NRF2_SURVIVAL_SIGNALING,WP_PHOTODYNAMIC_THERAPYINDUCED_NFE2L2_NRF2_SURVIVAL_SIGNALING,5/504,23/6597,0.027147510651488606,0.23003943236261395,0.2085570532044185,2052/3162/3725/9817/4835,5
WP_APOPTOSIS_MODULATION_AND_SIGNALING,WP_APOPTOSIS_MODULATION_AND_SIGNALING,12/504,86/6597,0.029451697964881077,0.2366739766921314,0.21457202637883113,27113/598/10018/332/90427/843/841/8837/3725/5595/4170/7132,12
WP_ERBB_SIGNALING_PATHWAY,WP_ERBB_SIGNALING_PATHWAY,12/504,86/6597,0.029451697964881077,0.2366739766921314,0.21457202637883113,27/10018/1026/1027/2064/2549/3725/5595/4609/8440/5336/6464,12
WP_PANCREATIC_ADENOCARCINOMA_PATHWAY,WP_PANCREATIC_ADENOCARCINOMA_PATHWAY,12/504,86/6597,0.029451697964881077,0.2366739766921314,0.21457202637883113,598/1021/1026/1870/2064/4616/3716/5595/5880/4088/7040/7048,12
WP_MICROGLIA_PATHOGEN_PHAGOCYTOSIS_PATHWAY,WP_MICROGLIA_PATHOGEN_PHAGOCYTOSIS_PATHWAY,7/504,40/6597,0.029890502232339574,0.2366739766921314,0.21457202637883113,2207/5294/5336/5777/5880/6850/7409,7
WP_LUNG_FIBROSIS,WP_LUNG_FIBROSIS,9/504,58/6597,0.030470681100910203,0.23737643502805852,0.21520888519488363,6348/729230/1232/3162/5155/6498/4092/7015/7040,9
WP_METHIONINE_METABOLISM_LEADING_TO_SULFUR_AMINO_ACIDS_AND_RELATED_DISORDERS,WP_METHIONINE_METABOLISM_LEADING_TO_SULFUR_AMINO_ACIDS_AND_RELATED_DISORDERS,3/504,10/6597,0.03547151839806763,0.2719256815566785,0.24653172829373057,191/875/51380,3
WP_TGFBETA_SIGNALING_IN_THYROID_CELLS_FOR_EPITHELIALMESENCHYMAL_TRANSITION,WP_TGFBETA_SIGNALING_IN_THYROID_CELLS_FOR_EPITHELIALMESENCHYMAL_TRANSITION,4/504,17/6597,0.03603156028908369,0.2719256815566785,0.24653172829373057,3397/5595/4088/7040,4
WP_FAS_LIGAND_PATHWAY_AND_STRESS_INDUCTION_OF_HEAT_SHOCK_PROTEINS,WP_FAS_LIGAND_PATHWAY_AND_STRESS_INDUCTION_OF_HEAT_SHOCK_PROTEINS,7/504,43/6597,0.0424782417545719,0.30956025611788934,0.28065177409838066,843/841/8837/3725/4000/84823/9261,7
WP_INTERLEUKIN11_SIGNALING_PATHWAY,WP_INTERLEUKIN11_SIGNALING_PATHWAY,7/504,43/6597,0.0424782417545719,0.30956025611788934,0.28065177409838066,632/332/3383/3572/3716/5595/7040,7
WP_ACUTE_VIRAL_MYOCARDITIS,WP_ACUTE_VIRAL_MYOCARDITIS,11/504,81/6597,0.04294107072442771,0.30956025611788934,0.28065177409838066,27/598/841/857/1232/1234/54108/3716/5595/5880/7040,11
WP_MAMMARY_GLAND_DEVELOPMENT_PATHWAY_PREGNANCY_AND_LACTATION_STAGE_3_OF_4,WP_MAMMARY_GLAND_DEVELOPMENT_PATHWAY_PREGNANCY_AND_LACTATION_STAGE_3_OF_4,5/504,27/6597,0.05073292750527936,0.35481438259195275,0.3216798150991661,598/857/2064/4609/7392,5
WP_HYPOTHESIZED_PATHWAYS_IN_PATHOGENESIS_OF_CARDIOVASCULAR_DISEASE,WP_HYPOTHESIZED_PATHWAYS_IN_PATHOGENESIS_OF_CARDIOVASCULAR_DISEASE,4/504,19/6597,0.052029880113302486,0.35481438259195275,0.3216798150991661,5595/6464/4088/7048,4
WP_PROGERIAASSOCIATED_LIPODYSTROPHY,WP_PROGERIAASSOCIATED_LIPODYSTROPHY,4/504,19/6597,0.052029880113302486,0.35481438259195275,0.3216798150991661,4000/84823/4088/7040,4
WP_G1_TO_S_CELL_CYCLE_CONTROL,WP_G1_TO_S_CELL_CYCLE_CONTROL,9/504,64/6597,0.05277481837889236,0.35481438259195275,0.3216798150991661,894/1021/1026/1027/1870/4174/4609/5111/5557,9
WP_PRION_DISEASE_PATHWAY,WP_PRION_DISEASE_PATHWAY,6/504,36/6597,0.05289158498265134,0.35481438259195275,0.3216798150991661,1106/10664/3662/5595/4208/9126,6
WP_OREXIN_RECEPTOR_PATHWAY,WP_OREXIN_RECEPTOR_PATHWAY,16/504,136/6597,0.05421064613540056,0.3550434050741614,0.3218874501707555,632/1026/51523/4616/3280/3383/3397/3399/3663/23764/5595/4609/5498/5914/861/6498,16
WP_CHEMOKINE_SIGNALING_PATHWAY,WP_CHEMOKINE_SIGNALING_PATHWAY,18/504,158/6597,0.05587325622068605,0.3550434050741614,0.3218874501707555,6346/6348/1230/2826/729230/1232/1445/1524/2309/2788/2870/5595/5294/2185/5880/6464/7409/2829,18
WP_ANDROGEN_RECEPTOR_SIGNALING_PATHWAY,WP_ANDROGEN_RECEPTOR_SIGNALING_PATHWAY,11/504,85/6597,0.05761630547813668,0.3550434050741614,0.3218874501707555,90427/811/857/1026/3725/8202/29893/388/4088/6605/6667,11
WP_CONTROL_OF_IMMUNE_TOLERANCE_BY_VASOACTIVE_INTESTINAL_PEPTIDE,WP_CONTROL_OF_IMMUNE_TOLERANCE_BY_VASOACTIVE_INTESTINAL_PEPTIDE,3/504,12/6597,0.05804533741950724,0.3550434050741614,0.3218874501707555,940/942/7040,3
WP_NANOPARTICLE_TRIGGERED_REGULATED_NECROSIS,WP_NANOPARTICLE_TRIGGERED_REGULATED_NECROSIS,3/504,12/6597,0.05804533741950724,0.3550434050741614,0.3218874501707555,841/2512/7132,3
WP_SRF_AND_MIRS_IN_SMOOTH_MUSCLE_DIFFERENTIATION_AND_PROLIFERATION,WP_SRF_AND_MIRS_IN_SMOOTH_MUSCLE_DIFFERENTIATION_AND_PROLIFERATION,3/504,12/6597,0.05804533741950724,0.3550434050741614,0.3218874501707555,894/4208/4209,3
WP_EXERCISEINDUCED_CIRCADIAN_REGULATION,WP_EXERCISEINDUCED_CIRCADIAN_REGULATION,7/504,46/6597,0.05807128157527692,0.3550434050741614,0.3218874501707555,51582/694/9709/5187/5281/10140/51663,7
WP_SPINAL_CORD_INJURY,WP_SPINAL_CORD_INJURY,13/504,106/6597,0.059364504139222084,0.3584131937405533,0.3249425489725841,7832/729230/1027/2309/3383/5595/4282/4609/8398/388/7040/64131/7538,13
WP_NONGENOMIC_ACTIONS_OF_125_DIHYDROXYVITAMIN_D3,WP_NONGENOMIC_ACTIONS_OF_125_DIHYDROXYVITAMIN_D3,9/504,66/6597,0.06209863085867794,0.3702918358610055,0.33571189651994837,857/3716/3725/5595/5336/5971/6667/7132/7421,9
WP_PDGF_PATHWAY,WP_PDGF_PATHWAY,6/504,38/6597,0.06602159350872865,0.3888832885940968,0.35256717457806314,3716/3725/5595/5155/6464/7409,6
WP_16P112_PROXIMAL_DELETION_SYNDROME,WP_16P112_PROXIMAL_DELETION_SYNDROME,9/504,67/6597,0.06713022951474218,0.39064940789904185,0.35416836370491755,283897/841/11151/79153/3835/5595/5111/6911/83719,9
WP_GALANIN_RECEPTOR_PATHWAY,WP_GALANIN_RECEPTOR_PATHWAY,4/504,21/6597,0.07129279298062298,0.4005460130692624,0.3631407680872032,10018/1026/1027/6844,4
WP_METHIONINE_DE_NOVO_AND_SALVAGE_PATHWAY,WP_METHIONINE_DE_NOVO_AND_SALVAGE_PATHWAY,4/504,21/6597,0.07129279298062298,0.4005460130692624,0.3631407680872032,191/84245/4953/7295,4
WP_CYSTEINE_AND_METHIONINE_CATABOLISM,WP_CYSTEINE_AND_METHIONINE_CATABOLISM,3/504,13/6597,0.07131875180943388,0.4005460130692624,0.3631407680872032,191/875/51380,3
WP_MYOMETRIAL_RELAXATION_AND_CONTRACTION_PATHWAYS,WP_MYOMETRIAL_RELAXATION_AND_CONTRACTION_PATHWAYS,16/504,142/6597,0.07426129214168338,0.4082359867844476,0.3701126087007306,133/467/468/1265/2788/2870/3489/3725/23764/85366/5142/5336/5996/10636/5998/6667,16
WP_LEUKOCYTEINTRINSIC_HIPPO_PATHWAY_FUNCTIONS,WP_LEUKOCYTEINTRINSIC_HIPPO_PATHWAY_FUNCTIONS,5/504,30/6597,0.0743783992485122,0.4082359867844476,0.3701126087007306,2309/10397/639/83593/23012,5
WP_TCELL_RECEPTOR_TCR_SIGNALING_PATHWAY,WP_TCELL_RECEPTOR_TCR_SIGNALING_PATHWAY,11/504,89/6597,0.07528406093314183,0.4084719461622478,0.3703265328614909,1234/940/9846/3662/3725/5595/2185/6464/8631/7040/7409,11
WP_HEMATOPOIETIC_STEM_CELL_DIFFERENTIATION,WP_HEMATOPOIETIC_STEM_CELL_DIFFERENTIATION,8/504,59/6597,0.07807131785176043,0.4084719461622478,0.3703265328614909,4261/2313/3663/5292/399/861/80342/7409,8
WP_REGULATION_OF_APOPTOSIS_BY_PARATHYROID_HORMONERELATED_PROTEIN,WP_REGULATION_OF_APOPTOSIS_BY_PARATHYROID_HORMONERELATED_PROTEIN,4/504,22/6597,0.08210807873056457,0.4084719461622478,0.3703265328614909,598/4170/4609/5294,4
WP_BDNFTRKB_SIGNALING,WP_BDNFTRKB_SIGNALING,5/504,31/6597,0.08338728361601087,0.4084719461622478,0.3703265328614909,29904/2549/9846/5294/6464,5
WP_NUCLEAR_RECEPTORS_IN_LIPID_METABOLISM_AND_TOXICITY,WP_NUCLEAR_RECEPTORS_IN_LIPID_METABOLISM_AND_TOXICITY,5/504,31/6597,0.08338728361601087,0.4084719461622478,0.3703265328614909,9619/1592/5914/5916/7421,5
WP_OVERVIEW_OF_INTERFERONSMEDIATED_SIGNALING_PATHWAY,WP_OVERVIEW_OF_INTERFERONSMEDIATED_SIGNALING_PATHWAY,5/504,31/6597,0.08338728361601087,0.4084719461622478,0.3703265328614909,3454/3455/3460/3588/3716,5
WP_PHOTODYNAMIC_THERAPYINDUCED_NFKB_SURVIVAL_SIGNALING,WP_PHOTODYNAMIC_THERAPYINDUCED_NFKB_SURVIVAL_SIGNALING,5/504,31/6597,0.08338728361601087,0.4084719461622478,0.3703265328614909,332/8837/3383/5971/7132,5
WP_PROSTAGLANDIN_SIGNALING,WP_PROSTAGLANDIN_SIGNALING,5/504,31/6597,0.08338728361601087,0.4084719461622478,0.3703265328614909,6348/729230/940/5294/7040,5
WP_NRP1TRIGGERED_SIGNALING_PATHWAYS_IN_PANCREATIC_CANCER,WP_NRP1TRIGGERED_SIGNALING_PATHWAYS_IN_PANCREATIC_CANCER,7/504,50/6597,0.08372388046032996,0.4084719461622478,0.3703265328614909,1027/1106/5595/5971/4088/7040/7048,7
WP_PREIMPLANTATION_EMBRYO,WP_PREIMPLANTATION_EMBRYO,7/504,50/6597,0.08372388046032996,0.4084719461622478,0.3703265328614909,8538/55509/3662/8570/6597/7538/678,7
WP_REGULATORY_CIRCUITS_OF_THE_STAT3_SIGNALING_PATHWAY,WP_REGULATORY_CIRCUITS_OF_THE_STAT3_SIGNALING_PATHWAY,9/504,70/6597,0.08372406349909427,0.4084719461622478,0.3703265328614909,3454/3455/3460/3587/3588/3570/3572/3716/5595,9
WP_CANCER_IMMUNOTHERAPY_BY_CTLA4_BLOCKADE,WP_CANCER_IMMUNOTHERAPY_BY_CTLA4_BLOCKADE,3/504,14/6597,0.08581185266745076,0.41036757265721496,0.3720451350668006,940/942/5777,3
WP_OSTEOCLAST_SIGNALING,WP_OSTEOCLAST_SIGNALING,3/504,14/6597,0.08581185266745076,0.41036757265721496,0.3720451350668006,9550/3454/5155,3
WP_TOLLLIKE_RECEPTOR_SIGNALING_PATHWAY,WP_TOLLLIKE_RECEPTOR_SIGNALING_PATHWAY,12/504,102/6597,0.08740151205751388,0.413871865919404,0.3752221776669327,841/6348/942/3454/3455/9641/3663/3725/5595/5294/10454/114609,12
WP_TNFRELATED_WEAK_INDUCER_OF_APOPTOSIS_TWEAK_SIGNALING_PATHWAY,WP_TNFRELATED_WEAK_INDUCER_OF_APOPTOSIS_TWEAK_SIGNALING_PATHWAY,6/504,41/6597,0.08896670846032813,0.417193399867364,0.37823352804799704,841/3725/5595/5971/7185/7188,6
WP_APOPTOSISRELATED_NETWORK_DUE_TO_ALTERED_NOTCH3_IN_OVARIAN_CANCER,WP_APOPTOSISRELATED_NETWORK_DUE_TO_ALTERED_NOTCH3_IN_OVARIAN_CANCER,7/504,51/6597,0.09100914498356094,0.41955426722815903,0.38037392430405176,332/1026/1027/2081/2185/4092/7185,7
WP_HOSTPATHOGEN_INTERACTION_OF_HUMAN_CORONAVIRUSES_INTERFERON_INDUCTION,WP_HOSTPATHOGEN_INTERACTION_OF_HUMAN_CORONAVIRUSES_INTERFERON_INDUCTION,5/504,32/6597,0.09294473414785302,0.41955426722815903,0.38037392430405176,3454/3455/9641/3716/3725,5
WP_INITIATION_OF_TRANSCRIPTION_AND_TRANSLATION_ELONGATION_AT_THE_HIV1_LTR,WP_INITIATION_OF_TRANSCRIPTION_AND_TRANSLATION_ELONGATION_AT_THE_HIV1_LTR,5/504,32/6597,0.09294473414785302,0.41955426722815903,0.38037392430405176,51564/10614/6667/6827/6829,5
WP_MAPK_CASCADE,WP_MAPK_CASCADE,5/504,32/6597,0.09294473414785302,0.41955426722815903,0.38037392430405176,3725/7786/5595/22821/6494,5
WP_FERROPTOSIS,WP_FERROPTOSIS,8/504,62/6597,0.09790298902964586,0.4378439231603607,0.3969555890480769,875/27235/2512/2879/3162/10162/5093/5094,8
WP_MRNA_PROCESSING,WP_MRNA_PROCESSING,14/504,126/6597,0.09905178815305224,0.438917556678204,0.3979289606148695,10659/11129/1198/22826/57819/51690/5094/8175/10262/6627/8405/6428/6829/7307,14
WP_PLATELETMEDIATED_INTERACTIONS_WITH_VASCULAR_AND_CIRCULATING_CELLS,WP_PLATELETMEDIATED_INTERACTIONS_WITH_VASCULAR_AND_CIRCULATING_CELLS,3/504,15/6597,0.10143363797124348,0.4453858830919145,0.4037932382395913,3383/6404/7040,3
WP_HEPATOCYTE_GROWTH_FACTOR_RECEPTOR_SIGNALING,WP_HEPATOCYTE_GROWTH_FACTOR_RECEPTOR_SIGNALING,5/504,33/6597,0.10303730208190236,0.44835150365368326,0.40648191243310944,2549/3725/5595/2185/2889,5
WP_AGERAGE_PATHWAY,WP_AGERAGE_PATHWAY,8/504,64/6597,0.11256611672531819,0.47879246077350385,0.4340801213507194,841/3667/3725/5595/6464/4088/6667/114609,8
WP_PEPTIDE_GPCRS,WP_PEPTIDE_GPCRS,7/504,54/6597,0.11491376890969826,0.47879246077350385,0.4340801213507194,1230/2826/729230/1232/1234/1524/6753,7
WP_CANONICAL_AND_NONCANONICAL_TGFB_SIGNALING,WP_CANONICAL_AND_NONCANONICAL_TGFB_SIGNALING,3/504,16/6597,0.11808676125017972,0.47879246077350385,0.4340801213507194,4088/7040/7048,3
WP_CONGENITAL_GENERALIZED_LIPODYSTROPHY_CGL,WP_CONGENITAL_GENERALIZED_LIPODYSTROPHY_CGL,3/504,16/6597,0.11808676125017972,0.47879246077350385,0.4340801213507194,857/3667/23175,3
WP_MAMMARY_GLAND_DEVELOPMENT_PATHWAY_EMBRYONIC_DEVELOPMENT_STAGE_1_OF_4,WP_MAMMARY_GLAND_DEVELOPMENT_PATHWAY_EMBRYONIC_DEVELOPMENT_STAGE_1_OF_4,3/504,16/6597,0.11808676125017972,0.47879246077350385,0.4340801213507194,4609/7015/7040,3
WP_REGULATION_OF_SISTER_CHROMATID_SEPARATION_AT_THE_METAPHASEANAPHASE_TRANSITION,WP_REGULATION_OF_SISTER_CHROMATID_SEPARATION_AT_THE_METAPHASEANAPHASE_TRANSITION,3/504,16/6597,0.11808676125017972,0.47879246077350385,0.4340801213507194,701/9700/9126,3
WP_EICOSANOID_SYNTHESIS,WP_EICOSANOID_SYNTHESIS,4/504,25/6597,0.11895464863937982,0.47879246077350385,0.4340801213507194,240/8398/80142/6916,4
WP_INTRACELLULAR_TRAFFICKING_PROTEINS_INVOLVED_IN_CMT_NEUROPATHY,WP_INTRACELLULAR_TRAFFICKING_PROTEINS_INVOLVED_IN_CMT_NEUROPATHY,4/504,25/6597,0.11895464863937982,0.47879246077350385,0.4340801213507194,121512/9516/10397/81846,4
WP_SPHINGOLIPID_METABOLISM_IN_SENESCENCE,WP_SPHINGOLIPID_METABOLISM_IN_SENESCENCE,4/504,25/6597,0.11895464863937982,0.47879246077350385,0.4340801213507194,1026/9294/55512/7015,4
WP_MAPK_SIGNALING_PATHWAY,WP_MAPK_SIGNALING_PATHWAY,23/504,233/6597,0.12097594395828234,0.48290397464339146,0.43780767887468863,468/1843/11221/3725/4296/7786/9175/8491/5595/9261/4208/2872/4609/5155/5880/5922/25780/5971/6789/10454/7040/7048/7132,23
WP_FACTORS_AND_PATHWAYS_AFFECTING_INSULINLIKE_GROWTH_FACTOR_IGF1AKT_SIGNALING,WP_FACTORS_AND_PATHWAYS_AFFECTING_INSULINLIKE_GROWTH_FACTOR_IGF1AKT_SIGNALING,5/504,35/6597,0.12476093035346045,0.48502836813251665,0.4397336845224516,3667/5294/4088/7132/8744,5
WP_NEOVASCULARISATION_PROCESSES,WP_NEOVASCULARISATION_PROCESSES,5/504,35/6597,0.12476093035346045,0.48502836813251665,0.4397336845224516,5595/5155/5971/4088/7040,5
WP_MIRNA_REGULATION_OF_DNA_DAMAGE_RESPONSE,WP_MIRNA_REGULATION_OF_DNA_DAMAGE_RESPONSE,10/504,87/6597,0.12552493999288733,0.48502836813251665,0.4397336845224516,27113/841/894/1021/1026/1027/11200/4616/4609/10111,10
WP_RETINOBLASTOMA_GENE_IN_CANCER,WP_RETINOBLASTOMA_GENE_IN_CANCER,10/504,87/6597,0.12552493999288733,0.48502836813251665,0.4397336845224516,1021/1026/1027/1786/1870/4609/5111/5557/9126/7153,10
WP_EPO_RECEPTOR_SIGNALING,WP_EPO_RECEPTOR_SIGNALING,4/504,26/6597,0.1325842659930891,0.5074339820782413,0.4600469359148925,3667/5595/5294/6464,4
WP_PI3KAKT_SIGNALING_PATHWAY,WP_PI3KAKT_SIGNALING_PATHWAY,29/504,307/6597,0.13447150156996687,0.5074339820782413,0.4600469359148925,468/598/10018/894/1021/1026/1027/64764/54541/1944/1945/2309/2788/3454/3455/3566/3570/3667/3693/3695/3696/3716/5595/4170/4609/5155/5294/6850/117145,29
WP_BREAST_CANCER_PATHWAY,WP_BREAST_CANCER_PATHWAY,15/504,144/6597,0.1348312080421823,0.5074339820782413,0.4600469359148925,1021/1026/1870/2064/4616/3280/3725/5595/4609/8202/4853/10111/6464/6667/80326,15
WP_NCRNAS_INVOLVED_IN_STAT3_SIGNALING_IN_HEPATOCELLULAR_CARCINOMA,WP_NCRNAS_INVOLVED_IN_STAT3_SIGNALING_IN_HEPATOCELLULAR_CARCINOMA,3/504,17/6597,0.1356700185989861,0.5074339820782413,0.4600469359148925,3570/3572/3716,3
WP_MEASLES_VIRUS_INFECTION,WP_MEASLES_VIRUS_INFECTION,14/504,133/6597,0.1365764340997337,0.5074339820782413,0.4600469359148925,27113/598/841/894/940/4179/1021/1027/3454/3455/9641/3716/3725/7128,14
WP_PATHWAYS_AFFECTED_IN_ADENOID_CYSTIC_CARCINOMA,WP_PATHWAYS_AFFECTED_IN_ADENOID_CYSTIC_CARCINOMA,7/504,57/6597,0.14176805933266673,0.5227020813563208,0.47388921400071815,8289/11200/1487/2064/2309/4609/6605,7
WP_ANGIOPOIETINLIKE_PROTEIN_8_REGULATORY_PATHWAY,WP_ANGIOPOIETINLIKE_PROTEIN_8_REGULATORY_PATHWAY,13/504,123/6597,0.14431135609924492,0.5230437308910226,0.4741989583756467,2319/2309/3667/4296/7786/9175/8491/5595/5294/2889/23433/6464/9322,13
WP_EXTRACELLULAR_VESICLEMEDIATED_SIGNALING_IN_RECIPIENT_CELLS,WP_EXTRACELLULAR_VESICLEMEDIATED_SIGNALING_IN_RECIPIENT_CELLS,4/504,27/6597,0.1468192813822734,0.5230437308910226,0.4741989583756467,2064/4088/7040/7048,4
WP_INFLAMMATORY_RESPONSE_PATHWAY,WP_INFLAMMATORY_RESPONSE_PATHWAY,4/504,27/6597,0.1468192813822734,0.5230437308910226,0.4741989583756467,940/942/3566/7132,4
WP_ONECARBON_METABOLISM,WP_ONECARBON_METABOLISM,4/504,27/6597,0.1468192813822734,0.5230437308910226,0.4741989583756467,191/1786/1788/2745,4
WP_SMALL_CELL_LUNG_CANCER,WP_SMALL_CELL_LUNG_CANCER,10/504,90/6597,0.14727525341859024,0.5230437308910226,0.4741989583756467,598/841/1021/1026/1027/1870/4616/4609/7185/7188,10
WP_ATM_SIGNALING_PATHWAY,WP_ATM_SIGNALING_PATHWAY,5/504,37/6597,0.14840174393593103,0.5231973892047788,0.4743382672097374,1026/11200/3725/4194/10111,5
WP_NUCLEAR_RECEPTORS_METAPATHWAY,WP_NUCLEAR_RECEPTORS_METAPATHWAY,27/504,287/6597,0.1495537380017225,0.5234380830060288,0.47455648366679304,11057/11214/10602/1027/80315/121512/2512/4616/3280/3162/3725/9817/23764/4609/8202/5142/5155/10728/6397/9792/66035/6667/7040/7048/7128/7295/7421,27
WP_ONCOSTATIN_M_SIGNALING_PATHWAY,WP_ONCOSTATIN_M_SIGNALING_PATHWAY,7/504,58/6597,0.15133794785803922,0.5258721497513161,0.47676324353611765,1027/3572/3667/3716/5595/2185/6464,7
WP_4HYDROXYTAMOXIFEN_DEXAMETHASONE_AND_RETINOIC_ACIDS_REGULATION_OF_P27_EXPRESSION,WP_4HYDROXYTAMOXIFEN_DEXAMETHASONE_AND_RETINOIC_ACIDS_REGULATION_OF_P27_EXPRESSION,3/504,18/6597,0.15408041945205278,0.5269783053948369,0.4777661001291319,4296/5595/2872,3
WP_TCA_CYCLE_AKA_KREBS_OR_CITRIC_ACID_CYCLE,WP_TCA_CYCLE_AKA_KREBS_OR_CITRIC_ACID_CYCLE,3/504,18/6597,0.15408041945205278,0.5269783053948369,0.4777661001291319,3418/4967/6391,3
WP_TNFALPHA_SIGNALING_PATHWAY,WP_TNFALPHA_SIGNALING_PATHWAY,10/504,91/6597,0.1549294396812978,0.5269783053948369,0.4777661001291319,598/841/8837/3725/5595/10454/7128/7132/7185/7295,10
WP_KIT_RECEPTOR_SIGNALING_PATHWAY,WP_KIT_RECEPTOR_SIGNALING_PATHWAY,7/504,59/6597,0.1612007634358075,0.5374505895193772,0.48726042331930025,2309/9846/2886/5595/5777/6464/7409,7
WP_OVARIAN_INFERTILITY,WP_OVARIAN_INFERTILITY,4/504,28/6597,0.16161492237753858,0.5374505895193772,0.48726042331930025,894/1027/4088/7421,4
WP_JOUBERT_SYNDROME,WP_JOUBERT_SYNDROME,8/504,70/6597,0.1631143955537914,0.5374505895193772,0.48726042331930025,403/468/80776/79598/4644/5147/4218/10111,8
WP_RAS_SIGNALING,WP_RAS_SIGNALING,17/504,172/6597,0.1633191780536683,0.5374505895193772,0.48726042331930025,27/598/91860/2549/9846/2788/5595/8398/5336/5880/5922/22821/25780/83593/6464/8036/6789,17
WP_FOCAL_ADHESION,WP_FOCAL_ADHESION,17/504,173/6597,0.16912392575842802,0.5374505895193772,0.48726042331930025,857/894/2064/3693/3695/3696/3725/5595/85366/5155/4660/5880/2889/6464/7294/7408/7409,17
WP_INTEGRINMEDIATED_CELL_ADHESION,WP_INTEGRINMEDIATED_CELL_ADHESION,10/504,93/6597,0.17081846441675982,0.5374505895193772,0.48726042331930025,857/1445/3693/3695/3696/85366/5880/2889/6464/7408,10
WP_TP53_NETWORK,WP_TP53_NETWORK,3/504,19/6597,0.17321489557806855,0.5374505895193772,0.48726042331930025,27113/1026/4609,3
WP_NEPHROTIC_SYNDROME,WP_NEPHROTIC_SYNDROME,5/504,39/6597,0.173772558029087,0.5374505895193772,0.48726042331930025,8542/27235/4000/4627/950,5
WP_ACQUIRED_PARTIAL_LIPODYSTROPHY_BARRAQUERSIMONS_SYNDROME,WP_ACQUIRED_PARTIAL_LIPODYSTROPHY_BARRAQUERSIMONS_SYNDROME,2/504,10/6597,0.17458297413734697,0.5374505895193772,0.48726042331930025,4000/84823,2
WP_BMP2WNT4FOXO1_PATHWAY_IN_PRIMARY_ENDOMETRIAL_STROMAL_CELL_DIFFERENTIATION,WP_BMP2WNT4FOXO1_PATHWAY_IN_PRIMARY_ENDOMETRIAL_STROMAL_CELL_DIFFERENTIATION,2/504,10/6597,0.17458297413734697,0.5374505895193772,0.48726042331930025,10018/7044,2
WP_ETHANOL_METABOLISM_PRODUCTION_OF_ROS_BY_CYP2E1,WP_ETHANOL_METABOLISM_PRODUCTION_OF_ROS_BY_CYP2E1,2/504,10/6597,0.17458297413734697,0.5374505895193772,0.48726042331930025,23764/6667,2
WP_GANGLIO_SPHINGOLIPID_METABOLISM,WP_GANGLIO_SPHINGOLIPID_METABOLISM,2/504,10/6597,0.17458297413734697,0.5374505895193772,0.48726042331930025,6482/6483,2
WP_MAMMARY_GLAND_DEVELOPMENT_PATHWAY_INVOLUTION_STAGE_4_OF_4,WP_MAMMARY_GLAND_DEVELOPMENT_PATHWAY_INVOLUTION_STAGE_4_OF_4,2/504,10/6597,0.17458297413734697,0.5374505895193772,0.48726042331930025,3572/4609,2
WP_CELL_MIGRATION_AND_INVASION_THROUGH_P75NTR,WP_CELL_MIGRATION_AND_INVASION_THROUGH_P75NTR,4/504,29/6597,0.17692472822687572,0.5374505895193772,0.48726042331930025,375/1944/1945/3725,4
WP_PDGFRBETA_PATHWAY,WP_PDGFRBETA_PATHWAY,4/504,29/6597,0.17692472822687572,0.5374505895193772,0.48726042331930025,3716/3725/5595/6464,4
WP_SARS_CORONAVIRUS_AND_INNATE_IMMUNITY,WP_SARS_CORONAVIRUS_AND_INNATE_IMMUNITY,4/504,29/6597,0.17692472822687572,0.5374505895193772,0.48726042331930025,3454/3455/9641/3716,4
WP_TRANSSULFURATION_AND_ONECARBON_METABOLISM,WP_TRANSSULFURATION_AND_ONECARBON_METABOLISM,4/504,29/6597,0.17692472822687572,0.5374505895193772,0.48726042331930025,191/875/1786/1788,4
WP_PYRIMIDINE_METABOLISM,WP_PYRIMIDINE_METABOLISM,9/504,83/6597,0.18092268343610077,0.5461603506227292,0.495156817825118,57804/25885/5434/84265/5557/7083/7084/7371/7372,9
WP_VITAMIN_D_RECEPTOR_PATHWAY,WP_VITAMIN_D_RECEPTOR_PATHWAY,16/504,164/6597,0.18555968065697712,0.5566790419709313,0.5046932144707583,240/632/875/1026/1027/81037/11221/3397/3662/3663/4609/639/7040/7128/22906/7421,16
WP_HEDGEHOG_SIGNALING_PATHWAY_WP4249,WP_HEDGEHOG_SIGNALING_PATHWAY_WP4249,5/504,40/6597,0.18704174827468675,0.5576615087448994,0.5055839329582177,894/1453/1455/5727/8405,5
WP_TYPE_I_INTERFERON_INDUCTION_AND_SIGNALING_DURING_SARSCOV2_INFECTION,WP_TYPE_I_INTERFERON_INDUCTION_AND_SIGNALING_DURING_SARSCOV2_INFECTION,4/504,30/6597,0.19270108653123935,0.5644738892968812,0.5117601350059989,3454/3455/9641/3716,4
WP_TCELL_ACTIVATION_SARSCOV2,WP_TCELL_ACTIVATION_SARSCOV2,9/504,85/6597,0.19917698276388193,0.5644738892968812,0.5117601350059989,598/940/942/1026/2309/3454/3455/3725/5595,9
WP_DNA_REPLICATION,WP_DNA_REPLICATION,5/504,41/6597,0.20066328158223665,0.5644738892968812,0.5117601350059989,990/4174/5111/57804/5557,5
WP_AEROBIC_GLYCOLYSIS,WP_AEROBIC_GLYCOLYSIS,2/504,11/6597,0.20314067898269952,0.5644738892968812,0.5117601350059989,2597/7167,2
WP_AUTOSOMAL_RECESSIVE_OSTEOPETROSIS_PATHWAYS,WP_AUTOSOMAL_RECESSIVE_OSTEOPETROSIS_PATHWAYS,2/504,11/6597,0.20314067898269952,0.5644738892968812,0.5117601350059989,9842/10312,2
WP_EDA_SIGNALING_IN_HAIR_FOLLICLE_DEVELOPMENT,WP_EDA_SIGNALING_IN_HAIR_FOLLICLE_DEVELOPMENT,2/504,11/6597,0.20314067898269952,0.5644738892968812,0.5117601350059989,5727/5971,2
WP_GENE_REGULATORY_NETWORK_MODELLING_SOMITOGENESIS,WP_GENE_REGULATORY_NETWORK_MODELLING_SOMITOGENESIS,2/504,11/6597,0.20314067898269952,0.5644738892968812,0.5117601350059989,3280/6911,2
WP_NEUROINFLAMMATION,WP_NEUROINFLAMMATION,2/504,11/6597,0.20314067898269952,0.5644738892968812,0.5117601350059989,51008/3725,2
WP_NUCLEOTIDE_GPCRS,WP_NUCLEOTIDE_GPCRS,2/504,11/6597,0.20314067898269952,0.5644738892968812,0.5117601350059989,135/5031,2
WP_RIBOFLAVIN_AND_COQ_DISORDERS,WP_RIBOFLAVIN_AND_COQ_DISORDERS,2/504,11/6597,0.20314067898269952,0.5644738892968812,0.5117601350059989,27235/80308,2
WP_SMC1SMC3_ROLE_IN_DNA_DAMAGE_CORNELIA_DE_LANGE_SYNDROME,WP_SMC1SMC3_ROLE_IN_DNA_DAMAGE_CORNELIA_DE_LANGE_SYNDROME,2/504,11/6597,0.20314067898269952,0.5644738892968812,0.5117601350059989,10111/9126,2
WP_PHYSICOCHEMICAL_FEATURES_AND_TOXICITYASSOCIATED_PATHWAYS,WP_PHYSICOCHEMICAL_FEATURES_AND_TOXICITYASSOCIATED_PATHWAYS,7/504,63/6597,0.203350842106951,0.5644738892968812,0.5117601350059989,1026/1027/2064/3725/4609/5294/6464,7
WP_ALPHA_6_BETA_4_SIGNALING_PATHWAY,WP_ALPHA_6_BETA_4_SIGNALING_PATHWAY,4/504,31/6597,0.20889572400016226,0.5765521982404478,0.5227105033628121,2549/3667/5595/6464,4
WP_ARYL_HYDROCARBON_RECEPTOR_PATHWAY_WP2873,WP_ARYL_HYDROCARBON_RECEPTOR_PATHWAY_WP2873,5/504,42/6597,0.21460854615109456,0.588713078571573,0.5337357321254754,1027/3280/3725/10728/7040,5
WP_OVERLAP_BETWEEN_SIGNAL_TRANSDUCTION_PATHWAYS_CONTRIBUTING_TO_LMNA_LAMINOPATHIES,WP_OVERLAP_BETWEEN_SIGNAL_TRANSDUCTION_PATHWAYS_CONTRIBUTING_TO_LMNA_LAMINOPATHIES,6/504,53/6597,0.2157395753771603,0.588713078571573,0.5337357321254754,1026/3280/4000/4088/6895/7040,6
WP_7Q1123_COPY_NUMBER_VARIATION_SYNDROME,WP_7Q1123_COPY_NUMBER_VARIATION_SYNDROME,9/504,87/6597,0.21816825531735076,0.5919958838105641,0.5367119705027671,468/2597/5595/4609/4967/5111/7391/6844/79720,9
WP_LEPTIN_SIGNALING_PATHWAY,WP_LEPTIN_SIGNALING_PATHWAY,8/504,76/6597,0.22231782560250746,0.5998855294190565,0.5438648365224529,598/2064/3667/3716/5595/5336/6464/6667,8
WP_WHITE_FAT_CELL_DIFFERENTIATION,WP_WHITE_FAT_CELL_DIFFERENTIATION,4/504,32/6597,0.22546015112192058,0.601073902220978,0.5449422323720756,3662/10365/5914/7090,4
WP_MECHANOREGULATION_AND_PATHOLOGY_OF_YAPTAZ_VIA_HIPPO_AND_NONHIPPO_MECHANISMS,WP_MECHANOREGULATION_AND_PATHOLOGY_OF_YAPTAZ_VIA_HIPPO_AND_NONHIPPO_MECHANISMS,5/504,43/6597,0.22884840296436737,0.601073902220978,0.5449422323720756,3693/3695/3696/8994/8491,5
WP_HOMOLOGOUS_RECOMBINATION,WP_HOMOLOGOUS_RECOMBINATION,2/504,12/6597,0.23215974729533786,0.601073902220978,0.5449422323720756,57804/10111,2
WP_MAMMARY_GLAND_DEVELOPMENT_PATHWAY_PUBERTY_STAGE_2_OF_4,WP_MAMMARY_GLAND_DEVELOPMENT_PATHWAY_PUBERTY_STAGE_2_OF_4,2/504,12/6597,0.23215974729533786,0.601073902220978,0.5449422323720756,2064/4609,2
WP_NITRIC_OXIDE_METABOLISM_IN_CYSTIC_FIBROSIS,WP_NITRIC_OXIDE_METABOLISM_IN_CYSTIC_FIBROSIS,2/504,12/6597,0.23215974729533786,0.601073902220978,0.5449422323720756,23564/54496,2
WP_OSTEOBLAST_SIGNALING,WP_OSTEOBLAST_SIGNALING,2/504,12/6597,0.23215974729533786,0.601073902220978,0.5449422323720756,632/5155,2
WP_HIPPOYAP_SIGNALING_PATHWAY,WP_HIPPOYAP_SIGNALING_PATHWAY,3/504,22/6597,0.2339583718789728,0.601073902220978,0.5449422323720756,8491/10397/23012,3
WP_PI3KAKTMTOR_VITD3_SIGNALING,WP_PI3KAKTMTOR_VITD3_SIGNALING,3/504,22/6597,0.2339583718789728,0.601073902220978,0.5449422323720756,942/4609/7421,3
WP_VITAMIN_D_IN_INFLAMMATORY_DISEASES,WP_VITAMIN_D_IN_INFLAMMATORY_DISEASES,3/504,22/6597,0.2339583718789728,0.601073902220978,0.5449422323720756,1843/4088/7421,3
WP_PRIMARY_FOCAL_SEGMENTAL_GLOMERULOSCLEROSIS_FSGS,WP_PRIMARY_FOCAL_SEGMENTAL_GLOMERULOSCLEROSIS_FSGS,7/504,66/6597,0.23743584825533995,0.6067805010969798,0.5501159168711859,1026/1027/3987/4627/5111/950/7040,7
WP_CAMKK2_PATHWAY,WP_CAMKK2_PATHWAY,4/504,33/6597,0.24234606133433687,0.6121858579693308,0.555016491043351,3162/3383/5595/6786,4
WP_SLEEP_REGULATION,WP_SLEEP_REGULATION,4/504,33/6597,0.24234606133433687,0.6121858579693308,0.555016491043351,100/135/191/2837,4
WP_MITOCHONDRIAL_COMPLEX_I_ASSEMBLY_MODEL_OXPHOS_SYSTEM,WP_MITOCHONDRIAL_COMPLEX_I_ASSEMBLY_MODEL_OXPHOS_SYSTEM,5/504,44/6597,0.24335338453439234,0.6121858579693308,0.555016491043351,55572/4709/4717/4720/4729,5
WP_COMPLEMENT_SYSTEM,WP_COMPLEMENT_SYSTEM,9/504,90/6597,0.24789301101745292,0.6203747374167345,0.5624406467589879,133/811/4179/2161/3383/3384/6223/6404/7295,9
WP_CYTOSOLIC_DNASENSING_PATHWAY,WP_CYTOSOLIC_DNASENSING_PATHWAY,7/504,67/6597,0.24919389743844897,0.6204157343441796,0.5624778151622072,843/841/9641/5434/84265/7706/81030,7
WP_GASTRIC_CANCER_NETWORK_1,WP_GASTRIC_CANCER_NETWORK_1,3/504,23/6597,0.25500031896452624,0.6312896086452335,0.5723362257740376,4605/7153/22974,3
WP_P38_MAPK_SIGNALING_PATHWAY,WP_P38_MAPK_SIGNALING_PATHWAY,4/504,34/6597,0.2595056858743891,0.6312896086452335,0.5723362257740376,9261/4209/4609/6464,4
WP_DEVELOPMENT_OF_PULMONARY_DENDRITIC_CELLS_AND_MACROPHAGE_SUBSETS,WP_DEVELOPMENT_OF_PULMONARY_DENDRITIC_CELLS_AND_MACROPHAGE_SUBSETS,2/504,13/6597,0.2614035646564114,0.6312896086452335,0.5723362257740376,55509/3662,2
WP_ESTROGEN_RECEPTOR_PATHWAY,WP_ESTROGEN_RECEPTOR_PATHWAY,2/504,13/6597,0.2614035646564114,0.6312896086452335,0.5723362257740376,3725/6667,2
WP_MFAP5MEDIATED_OVARIAN_CANCER_CELL_MOTILITY_AND_INVASIVENESS,WP_MFAP5MEDIATED_OVARIAN_CANCER_CELL_MOTILITY_AND_INVASIVENESS,2/504,13/6597,0.2614035646564114,0.6312896086452335,0.5723362257740376,3725/5595,2
WP_QUERCETIN_AND_NFKB_AP1_INDUCED_APOPTOSIS,WP_QUERCETIN_AND_NFKB_AP1_INDUCED_APOPTOSIS,2/504,13/6597,0.2614035646564114,0.6312896086452335,0.5723362257740376,3725/9817,2
WP_ARYL_HYDROCARBON_RECEPTOR_PATHWAY_WP2586,WP_ARYL_HYDROCARBON_RECEPTOR_PATHWAY_WP2586,5/504,46/6597,0.27304031406242346,0.6523848154624169,0.5914614432436864,6346/1026/1027/1316/4609,5
WP_THYMIC_STROMAL_LYMPHOPOIETIN_TSLP_SIGNALING_PATHWAY,WP_THYMIC_STROMAL_LYMPHOPOIETIN_TSLP_SIGNALING_PATHWAY,5/504,46/6597,0.27304031406242346,0.6523848154624169,0.5914614432436864,9846/3716/5595/4609/5971,5
WP_RELATIONSHIP_BETWEEN_INFLAMMATION_COX2_AND_EGFR,WP_RELATIONSHIP_BETWEEN_INFLAMMATION_COX2_AND_EGFR,3/504,24/6597,0.27628994568278903,0.6523848154624169,0.5914614432436864,5595/5294/80142,3
WP_S1P_RECEPTOR_SIGNAL_TRANSDUCTION,WP_S1P_RECEPTOR_SIGNAL_TRANSDUCTION,3/504,24/6597,0.27628994568278903,0.6523848154624169,0.5914614432436864,5595/5287/9294,3
WP_CCL18_SIGNALING_PATHWAY,WP_CCL18_SIGNALING_PATHWAY,4/504,35/6597,0.2768921059416055,0.6523848154624169,0.5914614432436864,467/960/4609/2185,4
WP_MIRNAS_INVOLVEMENT_IN_THE_IMMUNE_RESPONSE_IN_SEPSIS,WP_MIRNAS_INVOLVEMENT_IN_THE_IMMUNE_RESPONSE_IN_SEPSIS,6/504,58/6597,0.2808418656552816,0.6584787432597136,0.5969862857056574,6348/3383/3659/3663/5971/10454,6
WP_TRANSLATION_INHIBITORS_IN_CHRONICALLY_ACTIVATED_PDGFRA_CELLS,WP_TRANSLATION_INHIBITORS_IN_CHRONICALLY_ACTIVATED_PDGFRA_CELLS,5/504,47/6597,0.288163295481753,0.6685383549721804,0.6061064741602422,5595/27250/5294/5292/11040,5
WP_15Q133_COPY_NUMBER_VARIATION_SYNDROME,WP_15Q133_COPY_NUMBER_VARIATION_SYNDROME,2/504,14/6597,0.29066884998790454,0.6685383549721804,0.6061064741602422,51621/54893,2
WP_BIOMARKERS_FOR_PYRIMIDINE_METABOLISM_DISORDERS,WP_BIOMARKERS_FOR_PYRIMIDINE_METABOLISM_DISORDERS,2/504,14/6597,0.29066884998790454,0.6685383549721804,0.6061064741602422,7084/7372,2
WP_CELLS_AND_MOLECULES_INVOLVED_IN_LOCAL_ACUTE_INFLAMMATORY_RESPONSE,WP_CELLS_AND_MOLECULES_INVOLVED_IN_LOCAL_ACUTE_INFLAMMATORY_RESPONSE,2/504,14/6597,0.29066884998790454,0.6685383549721804,0.6061064741602422,3383/6404,2
WP_TYROBP_CAUSAL_NETWORK_IN_MICROGLIA,WP_TYROBP_CAUSAL_NETWORK_IN_MICROGLIA,6/504,59/6597,0.2943861413782413,0.6708676894613526,0.6082182822620087,64764/3587/54502/5996/10312/678,6
WP_INFLUENCE_OF_LAMINOPATHIES_ON_WNT_SIGNALING,WP_INFLUENCE_OF_LAMINOPATHIES_ON_WNT_SIGNALING,4/504,36/6597,0.294459524152809,0.6708676894613526,0.6082182822620087,1021/3280/4000/6895,4
WP_INTERACTIONS_OF_NATURAL_KILLER_CELLS_IN_PANCREATIC_CANCER,WP_INTERACTIONS_OF_NATURAL_KILLER_CELLS_IN_PANCREATIC_CANCER,3/504,25/6597,0.2977447589159812,0.6751676927531405,0.6121167270029563,6346/6348/4609,3
WP_ELECTRON_TRANSPORT_CHAIN_OXPHOS_SYSTEM_IN_MITOCHONDRIA,WP_ELECTRON_TRANSPORT_CHAIN_OXPHOS_SYSTEM_IN_MITOCHONDRIA,7/504,72/6597,0.3102849715339141,0.6926219123429275,0.6279409731604182,9377/4709/4717/4720/4728/4729/6391,7
WP_COMPLEMENT_SYSTEM_IN_NEURONAL_DEVELOPMENT_AND_PLASTICITY,WP_COMPLEMENT_SYSTEM_IN_NEURONAL_DEVELOPMENT_AND_PLASTICITY,9/504,96/6597,0.3109085918717383,0.6926219123429275,0.6279409731604182,57198/843/841/4179/1524/9191/2621/5584/7040,9
WP_INTERACTIONS_BETWEEN_IMMUNE_CELLS_AND_MICRORNAS_IN_TUMOR_MICROENVIRONMENT,WP_INTERACTIONS_BETWEEN_IMMUNE_CELLS_AND_MICRORNAS_IN_TUMOR_MICROENVIRONMENT,4/504,37/6597,0.31216349751243044,0.6926219123429275,0.6279409731604182,942/3566/7040/7048,4
WP_OXIDATIVE_PHOSPHORYLATION,WP_OXIDATIVE_PHOSPHORYLATION,4/504,37/6597,0.31216349751243044,0.6926219123429275,0.6279409731604182,4717/4720/4728/4729,4
WP_INTERLEUKIN1_IL1_STRUCTURAL_PATHWAY,WP_INTERLEUKIN1_IL1_STRUCTURAL_PATHWAY,5/504,49/6597,0.3188231725220944,0.6926219123429275,0.6279409731604182,5595/9261/2872/4609/10454,5
WP_HAIR_FOLLICLE_DEVELOPMENT_ORGANOGENESIS_PART_2_OF_3,WP_HAIR_FOLLICLE_DEVELOPMENT_ORGANOGENESIS_PART_2_OF_3,3/504,26/6597,0.31928743190592346,0.6926219123429275,0.6279409731604182,894/4609/5727,3
WP_MITOCHONDRIAL_COMPLEX_IV_ASSEMBLY,WP_MITOCHONDRIAL_COMPLEX_IV_ASSEMBLY,3/504,26/6597,0.31928743190592346,0.6926219123429275,0.6279409731604182,9377/25953/9997,3
WP_AMPLIFICATION_AND_EXPANSION_OF_ONCOGENIC_PATHWAYS_AS_METASTATIC_TRAITS,WP_AMPLIFICATION_AND_EXPANSION_OF_ONCOGENIC_PATHWAYS_AS_METASTATIC_TRAITS,2/504,15/6597,0.3197819595289293,0.6926219123429275,0.6279409731604182,9595/5294,2
WP_FAMILIAL_HYPERLIPIDEMIA_TYPE_2,WP_FAMILIAL_HYPERLIPIDEMIA_TYPE_2,2/504,15/6597,0.3197819595289293,0.6926219123429275,0.6279409731604182,26119/7391,2
WP_TRANSCRIPTIONAL_ACTIVATION_BY_NRF2_IN_RESPONSE_TO_PHYTOCHEMICALS,WP_TRANSCRIPTIONAL_ACTIVATION_BY_NRF2_IN_RESPONSE_TO_PHYTOCHEMICALS,2/504,15/6597,0.3197819595289293,0.6926219123429275,0.6279409731604182,3162/9817,2
WP_FOCAL_ADHESION_PI3KAKTMTORSIGNALING_PATHWAY,WP_FOCAL_ADHESION_PI3KAKTMTORSIGNALING_PATHWAY,23/504,272/6597,0.3350358330278336,0.7224210149662661,0.6549572675732086,468/1026/1027/64764/54541/1944/1945/2309/2788/3454/3455/3566/3570/3667/3693/3695/3696/3716/5595/5155/5287/5294/4218,23
WP_CORI_CYCLE,WP_CORI_CYCLE,2/504,16/6597,0.34859555928303665,0.7314992344477192,0.663187711736409,2597/7167,2
WP_ID_SIGNALING_PATHWAY,WP_ID_SIGNALING_PATHWAY,2/504,16/6597,0.34859555928303665,0.7314992344477192,0.663187711736409,3397/3399,2
WP_LEPTININSULIN_SIGNALING_OVERLAP,WP_LEPTININSULIN_SIGNALING_OVERLAP,2/504,16/6597,0.34859555928303665,0.7314992344477192,0.663187711736409,3667/5294,2
WP_PYRIMIDINE_METABOLISM_AND_RELATED_DISEASES,WP_PYRIMIDINE_METABOLISM_AND_RELATED_DISEASES,2/504,16/6597,0.34859555928303665,0.7314992344477192,0.663187711736409,7084/7372,2
WP_ENDOMETRIAL_CANCER,WP_ENDOMETRIAL_CANCER,6/504,63/6597,0.3496311129977113,0.7314992344477192,0.663187711736409,1026/2064/2309/4616/5595/4609,6
WP_MELANOMA,WP_MELANOMA,6/504,63/6597,0.3496311129977113,0.7314992344477192,0.663187711736409,91860/1021/1026/1870/4616/5595,6
WP_PRADERWILLI_AND_ANGELMAN_SYNDROME,WP_PRADERWILLI_AND_ANGELMAN_SYNDROME,5/504,51/6597,0.34984745995325706,0.7314992344477192,0.663187711736409,894/990/1021/2570/4194,5
WP_ETHANOL_EFFECTS_ON_HISTONE_MODIFICATIONS,WP_ETHANOL_EFFECTS_ON_HISTONE_MODIFICATIONS,3/504,28/6597,0.36235367412264075,0.751145169962384,0.6809989990287715,191/55140/51564,3
WP_TLR4_SIGNALING_AND_TOLERANCE,WP_TLR4_SIGNALING_AND_TOLERANCE,3/504,28/6597,0.36235367412264075,0.751145169962384,0.6809989990287715,9641/10454/114609,3
WP_METABOLIC_REPROGRAMMING_IN_COLON_CANCER,WP_METABOLIC_REPROGRAMMING_IN_COLON_CANCER,4/504,40/6597,0.36567453606989464,0.7515778762628048,0.6813912967752572,2597/3418/29920/22934,4
WP_OXIDATIVE_DAMAGE_RESPONSE,WP_OXIDATIVE_DAMAGE_RESPONSE,4/504,40/6597,0.36567453606989464,0.7515778762628048,0.6813912967752572,1026/1027/5111/7185,4
WP_REGULATION_OF_ACTIN_CYTOSKELETON,WP_REGULATION_OF_ACTIN_CYTOSKELETON,12/504,139/6597,0.3728953374628689,0.7631713898074818,0.6919021426608095,9138/1445/10672/5595/5155/5287/5294/8396/138429/5880/54434/7409,12
WP_BMP_SIGNALING_IN_EYELID_DEVELOPMENT,WP_BMP_SIGNALING_IN_EYELID_DEVELOPMENT,2/504,17/6597,0.37698563137424335,0.7650590754359644,0.6936135455625178,3725/5595,2
WP_IL9_SIGNALING_PATHWAY,WP_IL9_SIGNALING_PATHWAY,2/504,17/6597,0.37698563137424335,0.7650590754359644,0.6936135455625178,3716/5595,2
WP_3Q29_COPY_NUMBER_VARIATION_SYNDROME,WP_3Q29_COPY_NUMBER_VARIATION_SYNDROME,5/504,53/6597,0.3810211579230204,0.7676877308539826,0.6959967223172209,200933/3725/4609/7040/348793,5
WP_FAMILIAL_PARTIAL_LIPODYSTROPHY_FPLD,WP_FAMILIAL_PARTIAL_LIPODYSTROPHY_FPLD,3/504,29/6597,0.38374932172599796,0.7676877308539826,0.6959967223172209,10365/4000/84823,3
WP_REGUCALCIN_IN_PROXIMAL_TUBULE_EPITHELIAL_KIDNEY_CELLS,WP_REGUCALCIN_IN_PROXIMAL_TUBULE_EPITHELIAL_KIDNEY_CELLS,3/504,29/6597,0.38374932172599796,0.7676877308539826,0.6959967223172209,841/7040/7132,3
WP_CIRCADIAN_RHYTHM_GENES,WP_CIRCADIAN_RHYTHM_GENES,15/504,178/6597,0.3846385732229064,0.7676877308539826,0.6959967223172209,100/135/191/468/79365/1453/3399/3725/4669/4783/5187/5971/150094/7153/2837,15
WP_MECP2_AND_ASSOCIATED_RETT_SYNDROME,WP_MECP2_AND_ASSOCIATED_RETT_SYNDROME,6/504,66/6597,0.3916362884458715,0.7689444199973818,0.697136054743186,10664/2570/3185/4208/9126/6667,6
WP_P53_TRANSCRIPTIONAL_GENE_NETWORK,WP_P53_TRANSCRIPTIONAL_GENE_NETWORK,6/504,66/6597,0.3916362884458715,0.7689444199973818,0.697136054743186,27113/7832/1026/3383/3663/7520,6
WP_RAC1PAK1P38MMP2_PATHWAY,WP_RAC1PAK1P38MMP2_PATHWAY,6/504,66/6597,0.3916362884458715,0.7689444199973818,0.697136054743186,332/2064/2886/5595/4609/10318,6
WP_THYROID_STIMULATING_HORMONE_TSH_SIGNALING_PATHWAY,WP_THYROID_STIMULATING_HORMONE_TSH_SIGNALING_PATHWAY,6/504,66/6597,0.3916362884458715,0.7689444199973818,0.697136054743186,1027/10672/3716/3725/5595/4609,6
WP_COPPER_HOMEOSTASIS,WP_COPPER_HOMEOSTASIS,5/504,54/6597,0.3966005820799009,0.7755387900590774,0.7031146053494088,8754/2309/3725/9997/6667,5
WP_ATM_SIGNALING_IN_DEVELOPMENT_AND_DISEASE,WP_ATM_SIGNALING_IN_DEVELOPMENT_AND_DISEASE,4/504,42/6597,0.4012930689731018,0.7762057315440836,0.7037192640783236,9212/11200/3930/10111,4
WP_ENVELOPE_PROTEINS_AND_THEIR_POTENTIAL_ROLES_IN_EDMD_PHYSIOPATHOLOGY,WP_ENVELOPE_PROTEINS_AND_THEIR_POTENTIAL_ROLES_IN_EDMD_PHYSIOPATHOLOGY,4/504,42/6597,0.4012930689731018,0.7762057315440836,0.7037192640783236,3930/5595/4088/7040,4
WP_MFAP5_EFFECT_ON_PERMEABILITY_AND_MOTILITY_OF_ENDOTHELIAL_CELLS_VIA_CYTOSKELETON_REARRANGEMENT,WP_MFAP5_EFFECT_ON_PERMEABILITY_AND_MOTILITY_OF_ENDOTHELIAL_CELLS_VIA_CYTOSKELETON_REARRANGEMENT,2/504,18/6597,0.4048487828645173,0.7762057315440836,0.7037192640783236,3725/5595,2
WP_PI3KAKTMTOR_SIGNALING_PATHWAY_AND_THERAPEUTIC_OPPORTUNITIES,WP_PI3KAKTMTOR_SIGNALING_PATHWAY_AND_THERAPEUTIC_OPPORTUNITIES,3/504,30/6597,0.4049769034143045,0.7762057315440836,0.7037192640783236,1027/2309/5294,3
WP_PROSTAGLANDIN_AND_LEUKOTRIENE_METABOLISM_IN_SENESCENCE,WP_PROSTAGLANDIN_AND_LEUKOTRIENE_METABOLISM_IN_SENESCENCE,3/504,30/6597,0.4049769034143045,0.7762057315440836,0.7037192640783236,240/1026/6916,3
WP_CARDIAC_HYPERTROPHIC_RESPONSE,WP_CARDIAC_HYPERTROPHIC_RESPONSE,5/504,55/6597,0.41214314707646516,0.7806476079918928,0.7077463330601013,51564/9641/5595/7040/7132,5
WP_MET_IN_TYPE_1_PAPILLARY_RENAL_CELL_CARCINOMA,WP_MET_IN_TYPE_1_PAPILLARY_RENAL_CELL_CARCINOMA,5/504,55/6597,0.41214314707646516,0.7806476079918928,0.7077463330601013,1026/2549/3725/5595/2889,5
WP_NOVEL_INTRACELLULAR_COMPONENTS_OF_RIGILIKE_RECEPTOR_RLR_PATHWAY,WP_NOVEL_INTRACELLULAR_COMPONENTS_OF_RIGILIKE_RECEPTOR_RLR_PATHWAY,5/504,55/6597,0.41214314707646516,0.7806476079918928,0.7077463330601013,843/841/9641/55593/7706,5
WP_CLEAR_CELL_RENAL_CELL_CARCINOMA_PATHWAYS,WP_CLEAR_CELL_RENAL_CELL_CARCINOMA_PATHWAYS,7/504,81/6597,0.4251621841076242,0.7913501745530424,0.7174494336146139,79365/2026/2597/5155/7040/84969/7167,7
WP_COHESIN_COMPLEX_CORNELIA_DE_LANGE_SYNDROME,WP_COHESIN_COMPLEX_CORNELIA_DE_LANGE_SYNDROME,3/504,31/6597,0.425985601208677,0.7913501745530424,0.7174494336146139,9212/9700/9126,3
WP_IL17_SIGNALING_PATHWAY,WP_IL17_SIGNALING_PATHWAY,3/504,31/6597,0.425985601208677,0.7913501745530424,0.7174494336146139,3716/5595/6667,3
WP_OXIDATIVE_STRESS_RESPONSE,WP_OXIDATIVE_STRESS_RESPONSE,3/504,31/6597,0.425985601208677,0.7913501745530424,0.7174494336146139,3162/6667/25828,3
WP_TYPE_2_PAPILLARY_RENAL_CELL_CARCINOMA,WP_TYPE_2_PAPILLARY_RENAL_CELL_CARCINOMA,3/504,31/6597,0.425985601208677,0.7913501745530424,0.7174494336146139,1026/5155/7040,3
WP_APOPTOSIS_MODULATION_BY_HSP70,WP_APOPTOSIS_MODULATION_BY_HSP70,2/504,19/6597,0.43209982842762873,0.7926689732046726,0.7186450754127576,841/7132,2
WP_SEROTONIN_RECEPTOR_2_AND_ELKSRFGATA4_SIGNALING,WP_SEROTONIN_RECEPTOR_2_AND_ELKSRFGATA4_SIGNALING,2/504,19/6597,0.43209982842762873,0.7926689732046726,0.7186450754127576,5595/9261,2
WP_SEROTONIN_RECEPTOR_467_AND_NR3C_SIGNALING,WP_SEROTONIN_RECEPTOR_467_AND_NR3C_SIGNALING,2/504,19/6597,0.43209982842762873,0.7926689732046726,0.7186450754127576,5595/9261,2
WP_MIRNAS_INVOLVED_IN_DNA_DAMAGE_RESPONSE,WP_MIRNAS_INVOLVED_IN_DNA_DAMAGE_RESPONSE,4/504,44/6597,0.43654233306923995,0.7926689732046726,0.7186450754127576,1021/1026/1027/4609,4
WP_NUCLEOTIDE_EXCISION_REPAIR,WP_NUCLEOTIDE_EXCISION_REPAIR,4/504,44/6597,0.43654233306923995,0.7926689732046726,0.7186450754127576,2067/5111/57804/5886,4
WP_RETT_SYNDROME_CAUSING_GENES,WP_RETT_SYNDROME_CAUSING_GENES,4/504,44/6597,0.43654233306923995,0.7926689732046726,0.7186450754127576,3097/4208/6597/79718,4
WP_MALIGNANT_PLEURAL_MESOTHELIOMA,WP_MALIGNANT_PLEURAL_MESOTHELIOMA,31/504,391/6597,0.44141928014250276,0.7985225180105948,0.7239519832023701,467/27113/894/960/1026/1487/1944/1945/3716/3725/8994/4296/8491/5595/9261/4170/4194/4209/2872/4609/10397/5155/5281/5294/83593/6464/6667/23012/7015/7040/80326,31
WP_MIRNA_REGULATION_OF_P53_PATHWAY_IN_PROSTATE_CANCER,WP_MIRNA_REGULATION_OF_P53_PATHWAY_IN_PROSTATE_CANCER,3/504,32/6597,0.4467296132866172,0.7991496415460597,0.7245205424063655,27113/841/11200,3
WP_RESISTIN_AS_A_REGULATOR_OF_INFLAMMATION,WP_RESISTIN_AS_A_REGULATOR_OF_INFLAMMATION,3/504,32/6597,0.4467296132866172,0.7991496415460597,0.7245205424063655,5595/5294/5336,3
WP_TOLLLIKE_RECEPTOR_SIGNALING_RELATED_TO_MYD88,WP_TOLLLIKE_RECEPTOR_SIGNALING_RELATED_TO_MYD88,3/504,32/6597,0.4467296132866172,0.7991496415460597,0.7245205424063655,9641/5971/114609,3
WP_NETRINUNC5B_SIGNALING_PATHWAY,WP_NETRINUNC5B_SIGNALING_PATHWAY,4/504,45/6597,0.4539519381353455,0.8090730115105974,0.7335172121355749,3383/3725/5595/2185,4
WP_NANOMATERIAL_INDUCED_APOPTOSIS,WP_NANOMATERIAL_INDUCED_APOPTOSIS,2/504,20/6597,0.4586696208669707,0.8144758341130399,0.7384154887022439,841/8837,2
WP_SIGNAL_TRANSDUCTION_THROUGH_IL1R,WP_SIGNAL_TRANSDUCTION_THROUGH_IL1R,3/504,33/6597,0.46716796848184516,0.8235114188931796,0.7466072796329144,3725/10454/7040,3
WP_TRYPTOPHAN_METABOLISM,WP_TRYPTOPHAN_METABOLISM,3/504,33/6597,0.46716796848184516,0.8235114188931796,0.7466072796329144,125061/2639/4967,3
WP_CHOLESTEROL_METABOLISM_WITH_BLOCH_AND_KANDUTSCHRUSSELL_PATHWAYS,WP_CHOLESTEROL_METABOLISM_WITH_BLOCH_AND_KANDUTSCHRUSSELL_PATHWAYS,4/504,46/6597,0.471181616618481,0.8275662575517321,0.7502834545963182,9619/3930/10654/8435,4
WP_SELENIUM_MICRONUTRIENT_NETWORK,WP_SELENIUM_MICRONUTRIENT_NETWORK,6/504,72/6597,0.4750053871562867,0.8312594275235017,0.7536317355340019,240/875/80308/2879/3383/7295,6
WP_PURINE_METABOLISM_AND_RELATED_DISORDERS,WP_PURINE_METABOLISM_AND_RELATED_DISORDERS,2/504,21/6597,0.48450310582956024,0.8397964751232669,0.7613715454969578,100/5198,2
WP_TRANSCRIPTION_FACTOR_REGULATION_IN_ADIPOGENESIS,WP_TRANSCRIPTION_FACTOR_REGULATION_IN_ADIPOGENESIS,2/504,21/6597,0.48450310582956024,0.8397964751232669,0.7613715454969578,3667/23175,2
WP_FLUOROPYRIMIDINE_ACTIVITY,WP_FLUOROPYRIMIDINE_ACTIVITY,3/504,34/6597,0.4872643184115988,0.8397964751232669,0.7613715454969578,7083/7371/7372,3
WP_PHOTODYNAMIC_THERAPYINDUCED_HIF1_SURVIVAL_SIGNALING,WP_PHOTODYNAMIC_THERAPYINDUCED_HIF1_SURVIVAL_SIGNALING,3/504,34/6597,0.4872643184115988,0.8397964751232669,0.7613715454969578,598/332/4170,3
WP_G_PROTEIN_SIGNALING_PATHWAYS,WP_G_PROTEIN_SIGNALING_PATHWAYS,7/504,86/6597,0.48857724536156943,0.8397964751232669,0.7613715454969578,11214/9138/10672/2788/5142/5584/23683,7
WP_CORTICOTROPINRELEASING_HORMONE_SIGNALING_PATHWAY,WP_CORTICOTROPINRELEASING_HORMONE_SIGNALING_PATHWAY,7/504,87/6597,0.5010387155839878,0.8516135320605229,0.7720850590327505,2081/2870/5595/5336/5584/6667/7040,7
WP_KISSPEPTINKISSPEPTIN_RECEPTOR_SYSTEM_IN_THE_OVARY,WP_KISSPEPTINKISSPEPTIN_RECEPTOR_SYSTEM_IN_THE_OVARY,3/504,35/6597,0.5069867133306611,0.8516135320605229,0.7720850590327505,268/5595/5294,3
WP_NUCLEAR_RECEPTORS,WP_NUCLEAR_RECEPTORS,3/504,35/6597,0.5069867133306611,0.8516135320605229,0.7720850590327505,5914/5916/7421,3
WP_VITAMIN_A_AND_CAROTENOID_METABOLISM,WP_VITAMIN_A_AND_CAROTENOID_METABOLISM,3/504,35/6597,0.5069867133306611,0.8516135320605229,0.7720850590327505,1592/5914/5916,3
WP_ESTROGEN_SIGNALING_PATHWAY,WP_ESTROGEN_SIGNALING_PATHWAY,2/504,22/6597,0.5095575792246193,0.8516135320605229,0.7720850590327505,3725/6667,2
WP_IL1_AND_MEGAKARYOCYTES_IN_OBESITY,WP_IL1_AND_MEGAKARYOCYTES_IN_OBESITY,2/504,22/6597,0.5095575792246193,0.8516135320605229,0.7720850590327505,1232/3383,2
WP_KYNURENINE_PATHWAY_AND_LINKS_TO_CELL_SENESCENCE,WP_KYNURENINE_PATHWAY_AND_LINKS_TO_CELL_SENESCENCE,2/504,22/6597,0.5095575792246193,0.8516135320605229,0.7720850590327505,125061/1026,2
WP_MTHFR_DEFICIENCY,WP_MTHFR_DEFICIENCY,2/504,22/6597,0.5095575792246193,0.8516135320605229,0.7720850590327505,1786/1788,2
WP_WNT_SIGNALING_PATHWAY,WP_WNT_SIGNALING_PATHWAY,4/504,49/6597,0.5215535203021042,0.8686563803652289,0.7875363500750469,1021/1453/1487/4609,4
WP_HOSTPATHOGEN_INTERACTION_OF_HUMAN_CORONAVIRUSES_MAPK_SIGNALING,WP_HOSTPATHOGEN_INTERACTION_OF_HUMAN_CORONAVIRUSES_MAPK_SIGNALING,3/504,36/6597,0.5263073668922842,0.8692510605825946,0.7880754957009032,3725/4296/5595,3
WP_DNA_MISMATCH_REPAIR,WP_DNA_MISMATCH_REPAIR,2/504,23/6597,0.5338011278208186,0.8692510605825946,0.7880754957009032,5111/57804,2
WP_EBSTEINBARR_VIRUS_LMP1_SIGNALING,WP_EBSTEINBARR_VIRUS_LMP1_SIGNALING,2/504,23/6597,0.5338011278208186,0.8692510605825946,0.7880754957009032,9260/7185,2
WP_NRF2ARE_REGULATION,WP_NRF2ARE_REGULATION,2/504,23/6597,0.5338011278208186,0.8692510605825946,0.7880754957009032,3162/9817,2
WP_RAS_AND_BRADYKININ_PATHWAYS_IN_COVID19,WP_RAS_AND_BRADYKININ_PATHWAYS_IN_COVID19,2/504,23/6597,0.5338011278208186,0.8692510605825946,0.7880754957009032,2161/7421,2
WP_BONE_MORPHOGENIC_PROTEIN_BMP_SIGNALING_AND_REGULATION,WP_BONE_MORPHOGENIC_PROTEIN_BMP_SIGNALING_AND_REGULATION,1/504,10/6597,0.5485583256608788,0.8692510605825946,0.7880754957009032,10140,1
WP_DEGRADATION_PATHWAY_OF_SPHINGOLIPIDS_INCLUDING_DISEASES,WP_DEGRADATION_PATHWAY_OF_SPHINGOLIPIDS_INCLUDING_DISEASES,1/504,10/6597,0.5485583256608788,0.8692510605825946,0.7880754957009032,2760,1
WP_GLYCOLYSIS_IN_SENESCENCE,WP_GLYCOLYSIS_IN_SENESCENCE,1/504,10/6597,0.5485583256608788,0.8692510605825946,0.7880754957009032,2597,1
WP_NONHOMOLOGOUS_END_JOINING,WP_NONHOMOLOGOUS_END_JOINING,1/504,10/6597,0.5485583256608788,0.8692510605825946,0.7880754957009032,7520,1
WP_PTF1A_RELATED_REGULATORY_PATHWAY,WP_PTF1A_RELATED_REGULATORY_PATHWAY,1/504,10/6597,0.5485583256608788,0.8692510605825946,0.7880754957009032,3280,1
WP_1Q211_COPY_NUMBER_VARIATION_SYNDROME,WP_1Q211_COPY_NUMBER_VARIATION_SYNDROME,2/504,24/6597,0.5572112352879122,0.8692510605825946,0.7880754957009032,50848/90780,2
WP_FOLLICLE_STIMULATING_HORMONE_FSH_SIGNALING_PATHWAY,WP_FOLLICLE_STIMULATING_HORMONE_FSH_SIGNALING_PATHWAY,2/504,24/6597,0.5572112352879122,0.8692510605825946,0.7880754957009032,2870/5595,2
WP_GLYCOSYLATION_AND_RELATED_CONGENITAL_DEFECTS,WP_GLYCOSYLATION_AND_RELATED_CONGENITAL_DEFECTS,2/504,24/6597,0.5572112352879122,0.8692510605825946,0.7880754957009032,8818/4351,2
WP_METASTATIC_BRAIN_TUMOR,WP_METASTATIC_BRAIN_TUMOR,2/504,24/6597,0.5572112352879122,0.8692510605825946,0.7880754957009032,1021/4609,2
WP_MITOCHONDRIAL_IMMUNE_RESPONSE_TO_SARSCOV2,WP_MITOCHONDRIAL_IMMUNE_RESPONSE_TO_SARSCOV2,2/504,24/6597,0.5572112352879122,0.8692510605825946,0.7880754957009032,9641/11331,2
WP_NEURAL_CREST_DIFFERENTIATION,WP_NEURAL_CREST_DIFFERENTIATION,7/504,92/6597,0.56167854798249,0.8692510605825946,0.7880754957009032,51564/3280/3397/4609/4853/388/6911,7
WP_GENES_CONTROLLING_NEPHROGENESIS,WP_GENES_CONTROLLING_NEPHROGENESIS,3/504,38/6597,0.5636516667534741,0.8692510605825946,0.7880754957009032,8440/4853/5155,3
WP_NEURAL_CREST_CELL_MIGRATION_DURING_DEVELOPMENT,WP_NEURAL_CREST_CELL_MIGRATION_DURING_DEVELOPMENT,3/504,38/6597,0.5636516667534741,0.8692510605825946,0.7880754957009032,375/3725/5294,3
WP_DNA_IRDOUBLE_STRAND_BREAKS_AND_CELLULAR_RESPONSE_VIA_ATM,WP_DNA_IRDOUBLE_STRAND_BREAKS_AND_CELLULAR_RESPONSE_VIA_ATM,4/504,52/6597,0.5695357176380624,0.8692510605825946,0.7880754957009032,11200/5111/10111/9126,4
WP_LNCRNA_IN_CANONICAL_WNT_SIGNALING_AND_COLORECTAL_CANCER,WP_LNCRNA_IN_CANONICAL_WNT_SIGNALING_AND_COLORECTAL_CANCER,7/504,93/6597,0.5734123255359325,0.8692510605825946,0.7880754957009032,467/894/1021/1487/3725/4609/80326,7
WP_MICRORNAS_IN_CARDIOMYOCYTE_HYPERTROPHY,WP_MICRORNAS_IN_CARDIOMYOCYTE_HYPERTROPHY,7/504,93/6597,0.5734123255359325,0.8692510605825946,0.7880754957009032,51564/9641/3572/5595/5294/10454/7040,7
WP_WNT_SIGNALING_PATHWAY_AND_PLURIPOTENCY,WP_WNT_SIGNALING_PATHWAY_AND_PLURIPOTENCY,7/504,93/6597,0.5734123255359325,0.8692510605825946,0.7880754957009032,894/960/1487/3725/4609/5584/80326,7
WP_FOLATE_METABOLISM,WP_FOLATE_METABOLISM,5/504,66/6597,0.5750111540464783,0.8692510605825946,0.7880754957009032,191/875/80308/2879/3383,5
WP_ANTIVIRAL_AND_ANTIINFLAMMATORY_EFFECTS_OF_NRF2_ON_SARSCOV2_PATHWAY,WP_ANTIVIRAL_AND_ANTIINFLAMMATORY_EFFECTS_OF_NRF2_ON_SARSCOV2_PATHWAY,2/504,25/6597,0.5797735375811234,0.8692510605825946,0.7880754957009032,3162/9817,2
WP_MBDNF_AND_PROBDNF_REGULATION_OF_GABA_NEUROTRANSMISSION,WP_MBDNF_AND_PROBDNF_REGULATION_OF_GABA_NEUROTRANSMISSION,2/504,25/6597,0.5797735375811234,0.8692510605825946,0.7880754957009032,5294/6464,2
WP_PHYSIOLOGICAL_AND_PATHOLOGICAL_HYPERTROPHY_OF_THE_HEART,WP_PHYSIOLOGICAL_AND_PATHOLOGICAL_HYPERTROPHY_OF_THE_HEART,2/504,25/6597,0.5797735375811234,0.8692510605825946,0.7880754957009032,3572/3725,2
WP_BLADDER_CANCER,WP_BLADDER_CANCER,3/504,39/6597,0.5816383675420658,0.8692510605825946,0.7880754957009032,1026/2064/4609,3
WP_CELL_DIFFERENTIATION_INDEX,WP_CELL_DIFFERENTIATION_INDEX,3/504,39/6597,0.5816383675420658,0.8692510605825946,0.7880754957009032,7044/4208/4209,3
WP_NUCLEOTIDEBINDING_OLIGOMERIZATION_DOMAIN_NOD_PATHWAY,WP_NUCLEOTIDEBINDING_OLIGOMERIZATION_DOMAIN_NOD_PATHWAY,3/504,39/6597,0.5816383675420658,0.8692510605825946,0.7880754957009032,22900/841/639,3
WP_BILE_ACIDS_SYNTHESIS_AND_ENTEROHEPATIC_CIRCULATION,WP_BILE_ACIDS_SYNTHESIS_AND_ENTEROHEPATIC_CIRCULATION,1/504,11/6597,0.583100090328697,0.8692510605825946,0.7880754957009032,5595,1
WP_FBXL10_ENHANCEMENT_OF_MAPERK_SIGNALING_IN_DIFFUSE_LARGE_BCELL_LYMPHOMA,WP_FBXL10_ENHANCEMENT_OF_MAPERK_SIGNALING_IN_DIFFUSE_LARGE_BCELL_LYMPHOMA,1/504,11/6597,0.583100090328697,0.8692510605825946,0.7880754957009032,5595,1
WP_NAD_METABOLISM_SIRTUINS_AND_AGING,WP_NAD_METABOLISM_SIRTUINS_AND_AGING,1/504,11/6597,0.583100090328697,0.8692510605825946,0.7880754957009032,2309,1
WP_RALA_DOWNSTREAM_REGULATED_GENES,WP_RALA_DOWNSTREAM_REGULATED_GENES,1/504,11/6597,0.583100090328697,0.8692510605825946,0.7880754957009032,5880,1
WP_TRANSCRIPTION_FACTORS_REGULATE_MIRNAS_RELATED_TO_CARDIAC_HYPERTROPHY,WP_TRANSCRIPTION_FACTORS_REGULATE_MIRNAS_RELATED_TO_CARDIAC_HYPERTROPHY,1/504,11/6597,0.583100090328697,0.8692510605825946,0.7880754957009032,7040,1
WP_GLYCOLYSIS_AND_GLUCONEOGENESIS,WP_GLYCOLYSIS_AND_GLUCONEOGENESIS,3/504,40/6597,0.5991489484722416,0.8776893788674001,0.7957257962489669,2026/2597/7167,3
WP_RENINANGIOTENSINALDOSTERONE_SYSTEM_RAAS,WP_RENINANGIOTENSINALDOSTERONE_SYSTEM_RAAS,3/504,40/6597,0.5991489484722416,0.8776893788674001,0.7957257962489669,468/91860/64764,3
WP_IL1_SIGNALING_PATHWAY,WP_IL1_SIGNALING_PATHWAY,4/504,54/6597,0.5999905876249398,0.8776893788674001,0.7957257962489669,3725/5595/9261/10454,4
WP_CANNABINOID_RECEPTOR_SIGNALING,WP_CANNABINOID_RECEPTOR_SIGNALING,2/504,26/6597,0.6014807130540568,0.8776893788674001,0.7957257962489669,135/5595,2
WP_EICOSANOID_METABOLISM_VIA_CYCLOOXYGENASES_COX,WP_EICOSANOID_METABOLISM_VIA_CYCLOOXYGENASES_COX,2/504,26/6597,0.6014807130540568,0.8776893788674001,0.7957257962489669,8398/6916,2
WP_FGFR3_SIGNALING_IN_CHONDROCYTE_PROLIFERATION_AND_TERMINAL_DIFFERENTIATION,WP_FGFR3_SIGNALING_IN_CHONDROCYTE_PROLIFERATION_AND_TERMINAL_DIFFERENTIATION,2/504,26/6597,0.6014807130540568,0.8776893788674001,0.7957257962489669,1026/5595,2
WP_WNTBETACATENIN_SIGNALING_PATHWAY_IN_LEUKEMIA,WP_WNTBETACATENIN_SIGNALING_PATHWAY_IN_LEUKEMIA,2/504,26/6597,0.6014807130540568,0.8776893788674001,0.7957257962489669,4609/5914,2
WP_COVID19_ADVERSE_OUTCOME_PATHWAY,WP_COVID19_ADVERSE_OUTCOME_PATHWAY,1/504,12/6597,0.6150037578771842,0.8843159739540228,0.8017335625256045,6348,1
WP_PURINE_METABOLISM,WP_PURINE_METABOLISM,1/504,12/6597,0.6150037578771842,0.8843159739540228,0.8017335625256045,100,1
WP_TRANSCRIPTIONAL_CASCADE_REGULATING_ADIPOGENESIS,WP_TRANSCRIPTIONAL_CASCADE_REGULATING_ADIPOGENESIS,1/504,12/6597,0.6150037578771842,0.8843159739540228,0.8017335625256045,10365,1
WP_NEURAL_CREST_CELL_MIGRATION_IN_CANCER,WP_NEURAL_CREST_CELL_MIGRATION_IN_CANCER,3/504,41/6597,0.6161727925140685,0.8843159739540228,0.8017335625256045,375/3725/5294,3
WP_PLURIPOTENT_STEM_CELL_DIFFERENTIATION_PATHWAY,WP_PLURIPOTENT_STEM_CELL_DIFFERENTIATION_PATHWAY,3/504,41/6597,0.6161727925140685,0.8843159739540228,0.8017335625256045,3570/5155/7040,3
WP_NETWORK_MAP_OF_SARSCOV2_SIGNALING_PATHWAY,WP_NETWORK_MAP_OF_SARSCOV2_SIGNALING_PATHWAY,15/504,206/6597,0.6170352789176656,0.8843159739540228,0.8017335625256045,8542/332/11119/841/6346/6348/1234/54541/1843/3603/3716/3725/5777/8631/7048,15
WP_CANONICAL_AND_NONCANONICAL_NOTCH_SIGNALING,WP_CANONICAL_AND_NONCANONICAL_NOTCH_SIGNALING,2/504,27/6597,0.622331494040671,0.8843159739540228,0.8017335625256045,3280/4853,2
WP_NUCLEOTIDE_EXCISION_REPAIR_IN_XERODERMA_PIGMENTOSUM,WP_NUCLEOTIDE_EXCISION_REPAIR_IN_XERODERMA_PIGMENTOSUM,4/504,56/6597,0.6291158353419093,0.8843159739540228,0.8017335625256045,2067/5111/57804/5886,4
WP_FIBRIN_COMPLEMENT_RECEPTOR_3_SIGNALING_PATHWAY,WP_FIBRIN_COMPLEMENT_RECEPTOR_3_SIGNALING_PATHWAY,3/504,42/6597,0.6327020020172199,0.8843159739540228,0.8017335625256045,83593/6850/114609,3
WP_NEURODEGENERATION_WITH_BRAIN_IRON_ACCUMULATION_NBIA_SUBTYPES_PATHWAY,WP_NEURODEGENERATION_WITH_BRAIN_IRON_ACCUMULATION_NBIA_SUBTYPES_PATHWAY,3/504,42/6597,0.6327020020172199,0.8843159739540228,0.8017335625256045,80347/2512/8398,3
WP_GLYCEROPHOSPHOLIPID_BIOSYNTHETIC_PATHWAY,WP_GLYCEROPHOSPHOLIPID_BIOSYNTHETIC_PATHWAY,2/504,28/6597,0.6423297878805194,0.8843159739540228,0.8017335625256045,23175/5294,2
WP_MONOAMINE_TRANSPORT,WP_MONOAMINE_TRANSPORT,2/504,28/6597,0.6423297878805194,0.8843159739540228,0.8017335625256045,135/10066,2
WP_CHOLESTEROL_BIOSYNTHESIS_PATHWAY,WP_CHOLESTEROL_BIOSYNTHESIS_PATHWAY,1/504,13/6597,0.6444704406455819,0.8843159739540228,0.8017335625256045,10654,1
WP_DRUG_INDUCTION_OF_BILE_ACID_PATHWAY,WP_DRUG_INDUCTION_OF_BILE_ACID_PATHWAY,1/504,13/6597,0.6444704406455819,0.8843159739540228,0.8017335625256045,7421,1
WP_GPR40_PATHWAY,WP_GPR40_PATHWAY,1/504,13/6597,0.6444704406455819,0.8843159739540228,0.8017335625256045,5336,1
WP_HEDGEHOG_SIGNALING_PATHWAY_WP47,WP_HEDGEHOG_SIGNALING_PATHWAY_WP47,1/504,13/6597,0.6444704406455819,0.8843159739540228,0.8017335625256045,5727,1
WP_LET7_INHIBITION_OF_ES_CELL_REPROGRAMMING,WP_LET7_INHIBITION_OF_ES_CELL_REPROGRAMMING,1/504,13/6597,0.6444704406455819,0.8843159739540228,0.8017335625256045,4609,1
WP_MEVALONATE_ARM_OF_CHOLESTEROL_BIOSYNTHESIS_PATHWAY,WP_MEVALONATE_ARM_OF_CHOLESTEROL_BIOSYNTHESIS_PATHWAY,1/504,13/6597,0.6444704406455819,0.8843159739540228,0.8017335625256045,10654,1
WP_OSTEOPONTIN_SIGNALING,WP_OSTEOPONTIN_SIGNALING,1/504,13/6597,0.6444704406455819,0.8843159739540228,0.8017335625256045,5595,1
WP_SOMATIC_SEX_DETERMINATION,WP_SOMATIC_SEX_DETERMINATION,1/504,13/6597,0.6444704406455819,0.8843159739540228,0.8017335625256045,268,1
WP_TRYPTOPHAN_CATABOLISM_LEADING_TO_NAD_PRODUCTION,WP_TRYPTOPHAN_CATABOLISM_LEADING_TO_NAD_PRODUCTION,1/504,13/6597,0.6444704406455819,0.8843159739540228,0.8017335625256045,125061,1
WP_PROSTAGLANDIN_SYNTHESIS_AND_REGULATION,WP_PROSTAGLANDIN_SYNTHESIS_AND_REGULATION,3/504,43/6597,0.6487311745646924,0.887640672279735,0.8047477817769855,309/6281/6916,3
WP_DNA_REPAIR_PATHWAYS_FULL_NETWORK,WP_DNA_REPAIR_PATHWAYS_FULL_NETWORK,8/504,114/6597,0.6513296252685421,0.8886785565104685,0.8056887425266533,2067/2188/5111/57804/11201/5886/10111/7520,8
WP_SUDDEN_INFANT_DEATH_SYNDROME_SIDS_SUSCEPTIBILITY_PATHWAYS,WP_SUDDEN_INFANT_DEATH_SYNDROME_SIDS_SUSCEPTIBILITY_PATHWAYS,10/504,142/6597,0.6532997672811537,0.8886812885955414,0.8056912194742187,54862/10664/2597/3280/3570/3725/4208/6667/6711/6844,10
WP_ENDOCHONDRAL_OSSIFICATION,WP_ENDOCHONDRAL_OSSIFICATION,4/504,58/6597,0.6568513872227915,0.8886812885955414,0.8056912194742187,4208/5727/54407/7040,4
WP_ENDOCHONDRAL_OSSIFICATION_WITH_SKELETAL_DYSPLASIAS,WP_ENDOCHONDRAL_OSSIFICATION_WITH_SKELETAL_DYSPLASIAS,4/504,58/6597,0.6568513872227915,0.8886812885955414,0.8056912194742187,4208/5727/54407/7040,4
WP_NRF2_PATHWAY,WP_NRF2_PATHWAY,9/504,129/6597,0.6613583930759708,0.8899630139332637,0.8068532500735269,2512/3162/9817/23764/5155/66035/7040/7048/7295,9
WP_T_CELL_RECEPTOR_AND_COSTIMULATORY_SIGNALING,WP_T_CELL_RECEPTOR_AND_COSTIMULATORY_SIGNALING,2/504,29/6597,0.6614838964845584,0.8899630139332637,0.8068532500735269,940/5777,2
WP_MIRNA_REGULATION_OF_PROSTATE_CANCER_SIGNALING_PATHWAYS,WP_MIRNA_REGULATION_OF_PROSTATE_CANCER_SIGNALING_PATHWAYS,3/504,44/6597,0.6642571873570425,0.8912117263706987,0.8079853507033034,1026/1027/23228,3
WP_ACE_INHIBITOR_PATHWAY,WP_ACE_INHIBITOR_PATHWAY,1/504,14/6597,0.6716859476192494,0.8986823066484695,0.8147582860755439,7040,1
WP_EPITHELIAL_TO_MESENCHYMAL_TRANSITION_IN_COLORECTAL_CANCER,WP_EPITHELIAL_TO_MESENCHYMAL_TRANSITION_IN_COLORECTAL_CANCER,10/504,145/6597,0.6792103955172165,0.8988815139495893,0.8149388902757528,92359/3397/5595/4209/4853/6464/4088/7040/7048/80326,10
WP_CELL_DIFFERENTIATION_EXPANDED_INDEX,WP_CELL_DIFFERENTIATION_EXPANDED_INDEX,3/504,45/6597,0.679278990872878,0.8988815139495893,0.8149388902757528,7044/4208/4209,3
WP_NOTCH_SIGNALING,WP_NOTCH_SIGNALING,3/504,45/6597,0.679278990872878,0.8988815139495893,0.8149388902757528,1487/3280/4853,3
WP_PHOSPHODIESTERASES_IN_NEURONAL_FUNCTION,WP_PHOSPHODIESTERASES_IN_NEURONAL_FUNCTION,3/504,45/6597,0.679278990872878,0.8988815139495893,0.8149388902757528,135/5142/5147,3
WP_ONECARBON_METABOLISM_AND_RELATED_PATHWAYS,WP_ONECARBON_METABOLISM_AND_RELATED_PATHWAYS,3/504,46/6597,0.693797412332487,0.9031701183427067,0.8188270006114547,51380/1788/2879,3
WP_TCELL_ANTIGEN_RECEPTOR_TCR_PATHWAY_DURING_STAPHYLOCOCCUS_AUREUS_INFECTION,WP_TCELL_ANTIGEN_RECEPTOR_TCR_PATHWAY_DURING_STAPHYLOCOCCUS_AUREUS_INFECTION,4/504,61/6597,0.695771601401726,0.9031701183427067,0.8188270006114547,940/3725/5595/5777,4
WP_NAD_METABOLISM,WP_NAD_METABOLISM,1/504,15/6597,0.6968219467685579,0.9031701183427067,0.8188270006114547,65220,1
WP_OMEGA3_OMEGA6_FATTY_ACID_SYNTHESIS,WP_OMEGA3_OMEGA6_FATTY_ACID_SYNTHESIS,1/504,15/6597,0.6968219467685579,0.9031701183427067,0.8188270006114547,8398,1
WP_TCA_CYCLE_AND_DEFICIENCY_OF_PYRUVATE_DEHYDROGENASE_COMPLEX_PDHC,WP_TCA_CYCLE_AND_DEFICIENCY_OF_PYRUVATE_DEHYDROGENASE_COMPLEX_PDHC,1/504,15/6597,0.6968219467685579,0.9031701183427067,0.8188270006114547,4967,1
WP_BASE_EXCISION_REPAIR,WP_BASE_EXCISION_REPAIR,2/504,31/6597,0.6973106675508206,0.9031701183427067,0.8188270006114547,5111/57804,2
WP_HISTONE_MODIFICATIONS,WP_HISTONE_MODIFICATIONS,2/504,31/6597,0.6973106675508206,0.9031701183427067,0.8188270006114547,84444/26040,2
WP_DNA_IRDAMAGE_AND_CELLULAR_RESPONSE_VIA_ATR,WP_DNA_IRDAMAGE_AND_CELLULAR_RESPONSE_VIA_ATR,5/504,76/6597,0.6998890900170531,0.9031701183427067,0.8188270006114547,11200/5111/10111/6667/7520,5
WP_NOTCH_SIGNALING_PATHWAY,WP_NOTCH_SIGNALING_PATHWAY,4/504,62/6597,0.7080214590664309,0.9031701183427067,0.8188270006114547,1026/3280/4609/4853,4
WP_THERMOGENESIS,WP_THERMOGENESIS,7/504,106/6597,0.710439625756168,0.9031701183427067,0.8188270006114547,8289/353500/656/64764/6597/6598/6605,7
WP_FATTY_ACID_BETAOXIDATION,WP_FATTY_ACID_BETAOXIDATION,2/504,32/6597,0.7140160711684342,0.9031701183427067,0.8188270006114547,2639/7167,2
WP_PURINERGIC_SIGNALING,WP_PURINERGIC_SIGNALING,2/504,32/6597,0.7140160711684342,0.9031701183427067,0.8188270006114547,135/5031,2
WP_SEROTONIN_HTR1_GROUP_AND_FOS_PATHWAY,WP_SEROTONIN_HTR1_GROUP_AND_FOS_PATHWAY,2/504,32/6597,0.7140160711684342,0.9031701183427067,0.8188270006114547,5595/9261,2
WP_INTERACTOME_OF_POLYCOMB_REPRESSIVE_COMPLEX_2_PRC2,WP_INTERACTOME_OF_POLYCOMB_REPRESSIVE_COMPLEX_2_PRC2,1/504,16/6597,0.7200370392675928,0.9031701183427067,0.8188270006114547,23087,1
WP_METABOLIC_PATHWAY_OF_LDL_HDL_AND_TG_INCLUDING_DISEASES,WP_METABOLIC_PATHWAY_OF_LDL_HDL_AND_TG_INCLUDING_DISEASES,1/504,16/6597,0.7200370392675928,0.9031701183427067,0.8188270006114547,26119,1
WP_MITOCHONDRIAL_LONG_CHAIN_FATTY_ACID_BETAOXIDATION,WP_MITOCHONDRIAL_LONG_CHAIN_FATTY_ACID_BETAOXIDATION,1/504,16/6597,0.7200370392675928,0.9031701183427067,0.8188270006114547,55825,1
WP_NEPHROGENESIS,WP_NEPHROGENESIS,1/504,16/6597,0.7200370392675928,0.9031701183427067,0.8188270006114547,4853,1
WP_OVERVIEW_OF_NANOPARTICLE_EFFECTS,WP_OVERVIEW_OF_NANOPARTICLE_EFFECTS,1/504,16/6597,0.7200370392675928,0.9031701183427067,0.8188270006114547,3162,1
WP_SMALL_LIGAND_GPCRS,WP_SMALL_LIGAND_GPCRS,1/504,16/6597,0.7200370392675928,0.9031701183427067,0.8188270006114547,9294,1
WP_ENERGY_METABOLISM,WP_ENERGY_METABOLISM,3/504,48/6597,0.7213356936490432,0.9031701183427067,0.8188270006114547,2309/4208/4209,3
WP_BRAINDERIVED_NEUROTROPHIC_FACTOR_BDNF_SIGNALING_PATHWAY,WP_BRAINDERIVED_NEUROTROPHIC_FACTOR_BDNF_SIGNALING_PATHWAY,9/504,136/6597,0.7217881277024529,0.9031701183427067,0.8188270006114547,10018/2309/3667/3725/5595/4208/8440/2185/6464,9
WP_EMBRYONIC_STEM_CELL_PLURIPOTENCY_PATHWAYS,WP_EMBRYONIC_STEM_CELL_PLURIPOTENCY_PATHWAYS,7/504,108/6597,0.7286670188956159,0.9070777580582023,0.8223697228990132,2549/3572/3716/3725/5155/4092/80326,7
WP_OSTEOBLAST_DIFFERENTIATION_AND_RELATED_DISEASES,WP_OSTEOBLAST_DIFFERENTIATION_AND_RELATED_DISEASES,7/504,108/6597,0.7286670188956159,0.9070777580582023,0.8223697228990132,5595/4853/5287/5294/5584/5727/80326,7
WP_ARRHYTHMOGENIC_RIGHT_VENTRICULAR_CARDIOMYOPATHY,WP_ARRHYTHMOGENIC_RIGHT_VENTRICULAR_CARDIOMYOPATHY,4/504,64/6597,0.731436326112383,0.9078658900337507,0.8230842546671904,3693/3695/3696/4000,4
WP_ECTODERM_DIFFERENTIATION,WP_ECTODERM_DIFFERENTIATION,8/504,123/6597,0.7330594143129664,0.9078658900337507,0.8230842546671904,440193/1487/4609/5292/6016/5269/6498/51043,8
WP_GLYCOSAMINOGLYCAN_DEGRADATION,WP_GLYCOSAMINOGLYCAN_DEGRADATION,1/504,17/6597,0.741477752260927,0.9091717150275122,0.8242681343607826,4669,1
WP_MITOCHONDRIAL_GENE_EXPRESSION,WP_MITOCHONDRIAL_GENE_EXPRESSION,1/504,17/6597,0.741477752260927,0.9091717150275122,0.8242681343607826,6667,1
WP_NSP1_FROM_SARSCOV2_INHIBITS_TRANSLATION_INITIATION_IN_THE_HOST_CELL,WP_NSP1_FROM_SARSCOV2_INHIBITS_TRANSLATION_INITIATION_IN_THE_HOST_CELL,1/504,17/6597,0.741477752260927,0.9091717150275122,0.8242681343607826,8666,1
WP_PARKINUBIQUITIN_PROTEASOMAL_SYSTEM_PATHWAY,WP_PARKINUBIQUITIN_PROTEASOMAL_SYSTEM_PATHWAY,4/504,65/6597,0.7426046675772143,0.9091717150275122,0.8242681343607826,841/5711/7326/51465,4
WP_BURN_WOUND_HEALING,WP_BURN_WOUND_HEALING,6/504,95/6597,0.7435255226415471,0.9091717150275122,0.8242681343607826,1265/3383/64332/4088/7040/7128,6
WP_TRANSLATION_FACTORS,WP_TRANSLATION_FACTORS,3/504,50/6597,0.7469093595422758,0.9110030824720182,0.8259284783880563,1937/29904/8666,3
WP_NCRNAS_INVOLVED_IN_WNT_SIGNALING_IN_HEPATOCELLULAR_CARCINOMA,WP_NCRNAS_INVOLVED_IN_WNT_SIGNALING_IN_HEPATOCELLULAR_CARCINOMA,5/504,81/6597,0.7519155075853602,0.9126322638868418,0.8274055176570255,894/1487/3725/4609/80326,5
WP_HYPERTROPHY_MODEL,WP_HYPERTROPHY_MODEL,1/504,18/6597,0.7612794563430688,0.9126322638868418,0.8274055176570255,467,1
WP_INHIBITION_OF_EXOSOME_BIOGENESIS_AND_SECRETION_BY_MANUMYCIN_A_IN_CRPC_CELLS,WP_INHIBITION_OF_EXOSOME_BIOGENESIS_AND_SECRETION_BY_MANUMYCIN_A_IN_CRPC_CELLS,1/504,18/6597,0.7612794563430688,0.9126322638868418,0.8274055176570255,5595,1
WP_INTERACTIONS_BETWEEN_LOXL4_AND_OXIDATIVE_STRESS_PATHWAY,WP_INTERACTIONS_BETWEEN_LOXL4_AND_OXIDATIVE_STRESS_PATHWAY,1/504,18/6597,0.7612794563430688,0.9126322638868418,0.8274055176570255,7040,1
WP_NUCLEOTIDE_METABOLISM,WP_NUCLEOTIDE_METABOLISM,1/504,18/6597,0.7612794563430688,0.9126322638868418,0.8274055176570255,4946,1
WP_TRANSCRIPTION_COFACTORS_SKI_AND_SKIL_PROTEIN_PARTNERS,WP_TRANSCRIPTION_COFACTORS_SKI_AND_SKIL_PROTEIN_PARTNERS,1/504,18/6597,0.7612794563430688,0.9126322638868418,0.8274055176570255,6498,1
WP_ALLOGRAFT_REJECTION,WP_ALLOGRAFT_REJECTION,5/504,82/6597,0.7614716404687313,0.9126322638868418,0.8274055176570255,841/940/942/55825/7040,5
WP_EBOLA_VIRUS_INFECTION_IN_HOST,WP_EBOLA_VIRUS_INFECTION_IN_HOST,8/504,128/6597,0.7723961856186725,0.919913193493127,0.8340065130067361,857/2621/3384/9641/5595/5922/5971/388,8
WP_MELATONIN_METABOLISM_AND_EFFECTS,WP_MELATONIN_METABOLISM_AND_EFFECTS,2/504,36/6597,0.7732603655449473,0.919913193493127,0.8340065130067361,1453/5187,2
WP_TARGET_OF_RAPAMYCIN_TOR_SIGNALING,WP_TARGET_OF_RAPAMYCIN_TOR_SIGNALING,2/504,36/6597,0.7732603655449473,0.919913193493127,0.8340065130067361,54541/58528,2
WP_FOXA2_PATHWAY,WP_FOXA2_PATHWAY,1/504,19/6597,0.7795672134494821,0.9206136041469435,0.8346415153647783,3667,1
WP_HEREDITARY_LEIOMYOMATOSIS_AND_RENAL_CELL_CARCINOMA_PATHWAY,WP_HEREDITARY_LEIOMYOMATOSIS_AND_RENAL_CELL_CARCINOMA_PATHWAY,1/504,19/6597,0.7795672134494821,0.9206136041469435,0.8346415153647783,9817,1
WP_MYD88_DISTINCT_INPUTOUTPUT_PATHWAY,WP_MYD88_DISTINCT_INPUTOUTPUT_PATHWAY,1/504,19/6597,0.7795672134494821,0.9206136041469435,0.8346415153647783,3725,1
WP_AMYOTROPHIC_LATERAL_SCLEROSIS_ALS,WP_AMYOTROPHIC_LATERAL_SCLEROSIS_ALS,2/504,37/6597,0.7862922484794868,0.922854892245391,0.8366734993441926,598/7132,2
WP_ENDODERM_DIFFERENTIATION,WP_ENDODERM_DIFFERENTIATION,8/504,130/6597,0.7869048193598422,0.922854892245391,0.8366734993441926,57198/10153/1847/80155/54623/5916/4088/7040,8
WP_FGF23_SIGNALING_IN_HYPOPHOSPHATEMIC_RICKETS_AND_RELATED_DISORDERS,WP_FGF23_SIGNALING_IN_HYPOPHOSPHATEMIC_RICKETS_AND_RELATED_DISORDERS,1/504,20/6597,0.796456560427509,0.922854892245391,0.8366734993441926,1026,1
WP_STING_PATHWAY_IN_KAWASAKILIKE_DISEASE_AND_COVID19,WP_STING_PATHWAY_IN_KAWASAKILIKE_DISEASE_AND_COVID19,1/504,20/6597,0.796456560427509,0.922854892245391,0.8366734993441926,9641,1
WP_TRIACYLGLYCERIDE_SYNTHESIS,WP_TRIACYLGLYCERIDE_SYNTHESIS,1/504,20/6597,0.796456560427509,0.922854892245391,0.8366734993441926,56894,1
WP_TYPE_II_DIABETES_MELLITUS,WP_TYPE_II_DIABETES_MELLITUS,1/504,20/6597,0.796456560427509,0.922854892245391,0.8366734993441926,3667,1
WP_UREA_CYCLE_AND_METABOLISM_OF_AMINO_GROUPS,WP_UREA_CYCLE_AND_METABOLISM_OF_AMINO_GROUPS,1/504,20/6597,0.796456560427509,0.922854892245391,0.8366734993441926,4953,1
WP_CYTOPLASMIC_RIBOSOMAL_PROTEINS,WP_CYTOPLASMIC_RIBOSOMAL_PROTEINS,5/504,86/6597,0.7969290367221624,0.922854892245391,0.8366734993441926,6122/6208/6217/6223/6230,5
WP_VITAMIN_DSENSITIVE_CALCIUM_SIGNALING_IN_DEPRESSION,WP_VITAMIN_DSENSITIVE_CALCIUM_SIGNALING_IN_DEPRESSION,2/504,38/6597,0.7986611696864875,0.922854892245391,0.8366734993441926,2879/7421,2
WP_HAIR_FOLLICLE_DEVELOPMENT_CYTODIFFERENTIATION_PART_3_OF_3,WP_HAIR_FOLLICLE_DEVELOPMENT_CYTODIFFERENTIATION_PART_3_OF_3,4/504,71/6597,0.8022861998261184,0.9248311086301079,0.8384651655009805,3725/4853/22822/7040,4
WP_GLUTATHIONE_METABOLISM,WP_GLUTATHIONE_METABOLISM,1/504,21/6597,0.8120542331574064,0.9338623681310173,0.8466530350713812,2879,1
WP_G13_SIGNALING_PATHWAY,WP_G13_SIGNALING_PATHWAY,2/504,40/6597,0.821510194253634,0.9392461591893682,0.8515340573668458,9138/10672,2
WP_ANGIOGENESIS,WP_ANGIOGENESIS,1/504,22/6597,0.8264588357256345,0.9392461591893682,0.8515340573668458,5155,1
WP_BLOOD_CLOTTING_CASCADE,WP_BLOOD_CLOTTING_CASCADE,1/504,22/6597,0.8264588357256345,0.9392461591893682,0.8515340573668458,2161,1
WP_EFFECT_OF_PROGERIN_ON_GENES_INVOLVED_IN_HUTCHINSONGILFORD_PROGERIA_SYNDROME,WP_EFFECT_OF_PROGERIN_ON_GENES_INVOLVED_IN_HUTCHINSONGILFORD_PROGERIA_SYNDROME,1/504,22/6597,0.8264588357256345,0.9392461591893682,0.8515340573668458,9219,1
WP_FATTY_ACID_BIOSYNTHESIS,WP_FATTY_ACID_BIOSYNTHESIS,1/504,22/6597,0.8264588357256345,0.9392461591893682,0.8515340573668458,55825,1
WP_CANCER_IMMUNOTHERAPY_BY_PD1_BLOCKADE,WP_CANCER_IMMUNOTHERAPY_BY_PD1_BLOCKADE,1/504,23/6597,0.839761458812217,0.9476747303885533,0.8591755210670987,3725,1
WP_CONSTITUTIVE_ANDROSTANE_RECEPTOR_PATHWAY,WP_CONSTITUTIVE_ANDROSTANE_RECEPTOR_PATHWAY,1/504,23/6597,0.839761458812217,0.9476747303885533,0.8591755210670987,6667,1
WP_PREGNANE_X_RECEPTOR_PATHWAY,WP_PREGNANE_X_RECEPTOR_PATHWAY,1/504,23/6597,0.839761458812217,0.9476747303885533,0.8591755210670987,8202,1
WP_EUKARYOTIC_TRANSCRIPTION_INITIATION,WP_EUKARYOTIC_TRANSCRIPTION_INITIATION,2/504,42/6597,0.8420072331898928,0.9479941576473617,0.8594651184075461,25885/5434,2
WP_CYTOKINES_AND_INFLAMMATORY_RESPONSE,WP_CYTOKINES_AND_INFLAMMATORY_RESPONSE,1/504,24/6597,0.8520462511393607,0.9504349637420582,0.8616779882678354,7040,1
WP_MAMMALIAN_DISORDER_OF_SEXUAL_DEVELOPMENT,WP_MAMMALIAN_DISORDER_OF_SEXUAL_DEVELOPMENT,1/504,24/6597,0.8520462511393607,0.9504349637420582,0.8616779882678354,268,1
WP_NAD_METABOLISM_IN_ONCOGENEINDUCED_SENESCENCE_AND_MITOCHONDRIAL_DYSFUNCTIONASSOCIATED_SENESCENCE,WP_NAD_METABOLISM_IN_ONCOGENEINDUCED_SENESCENCE_AND_MITOCHONDRIAL_DYSFUNCTIONASSOCIATED_SENESCENCE,1/504,24/6597,0.8520462511393607,0.9504349637420582,0.8616779882678354,9997,1
WP_PPARALPHA_PATHWAY,WP_PPARALPHA_PATHWAY,1/504,24/6597,0.8520462511393607,0.9504349637420582,0.8616779882678354,4609,1
WP_VASOPRESSINREGULATED_WATER_REABSORPTION,WP_VASOPRESSINREGULATED_WATER_REABSORPTION,2/504,44/6597,0.8603485786703292,0.957484708520205,0.868069388132081,64764/6844,2
WP_DOPAMINERGIC_NEUROGENESIS,WP_DOPAMINERGIC_NEUROGENESIS,1/504,25/6597,0.8633909475376205,0.958661672783151,0.8691364408364189,7040,1
WP_OLIGODENDROCYTE_SPECIFICATION_AND_DIFFERENTIATION_LEADING_TO_MYELIN_COMPONENTS_FOR_CNS,WP_OLIGODENDROCYTE_SPECIFICATION_AND_DIFFERENTIATION_LEADING_TO_MYELIN_COMPONENTS_FOR_CNS,1/504,26/6597,0.873867356916963,0.9662522034768896,0.876018124978503,5155,1
WP_CARDIAC_PROGENITOR_DIFFERENTIATION,WP_CARDIAC_PROGENITOR_DIFFERENTIATION,2/504,46/6597,0.8767237384919041,0.9662522034768896,0.876018124978503,4208/7040,2
WP_AMINO_ACID_METABOLISM,WP_AMINO_ACID_METABOLISM,4/504,82/6597,0.8823474103395423,0.9662522034768896,0.876018124978503,549/875/4953/4967,4
WP_EICOSANOID_METABOLISM_VIA_LIPOOXYGENASES_LOX,WP_EICOSANOID_METABOLISM_VIA_LIPOOXYGENASES_LOX,1/504,27/6597,0.8835418131814359,0.9662522034768896,0.876018124978503,240,1
WP_EXTRACELLULAR_VESICLES_IN_THE_CROSSTALK_OF_CARDIAC_CELLS,WP_EXTRACELLULAR_VESICLES_IN_THE_CROSSTALK_OF_CARDIAC_CELLS,1/504,27/6597,0.8835418131814359,0.9662522034768896,0.876018124978503,332,1
WP_MICROTUBULE_CYTOSKELETON_REGULATION,WP_MICROTUBULE_CYTOSKELETON_REGULATION,2/504,47/6597,0.8842307949001764,0.9662522034768896,0.876018124978503,9212/9261,2
WP_VITAMIN_B12_METABOLISM,WP_VITAMIN_B12_METABOLISM,2/504,47/6597,0.8842307949001764,0.9662522034768896,0.876018124978503,875/3383,2
WP_AMPACTIVATED_PROTEIN_KINASE_AMPK_SIGNALING,WP_AMPACTIVATED_PROTEIN_KINASE_AMPK_SIGNALING,3/504,66/6597,0.8897751126664033,0.9681474508503067,0.8777363834667705,1026/29904/5294,3
WP_LIPID_METABOLISM_PATHWAY,WP_LIPID_METABOLISM_PATHWAY,1/504,28/6597,0.8924755918962847,0.9681474508503067,0.8777363834667705,593,1
WP_HIPPOMERLIN_SIGNALING_DYSREGULATION,WP_HIPPOMERLIN_SIGNALING_DYSREGULATION,5/504,101/6597,0.8942561041731683,0.9681474508503067,0.8777363834667705,960/3693/3695/3696/4609,5
WP_PARKINSONS_DISEASE_PATHWAY,WP_PARKINSONS_DISEASE_PATHWAY,3/504,67/6597,0.895676571819495,0.9681474508503067,0.8777363834667705,23208/7326/51465,3
WP_GPCRS_CLASS_A_RHODOPSINLIKE,WP_GPCRS_CLASS_A_RHODOPSINLIKE,11/504,197/6597,0.8969066308372187,0.9681474508503067,0.8777363834667705,135/1230/2826/729230/1232/1234/9034/1524/5031/6753/2829,11
WP_DEVELOPMENT_OF_URETERIC_COLLECTION_SYSTEM,WP_DEVELOPMENT_OF_URETERIC_COLLECTION_SYSTEM,2/504,49/6597,0.8979918384698498,0.9681474508503067,0.8777363834667705,5914/5916,2
WP_GPCRS_OTHER,WP_GPCRS_OTHER,3/504,68/6597,0.9012929061690707,0.9695422576384435,0.8790009353330991,135/1234/2837,3
WP_16P112_DISTAL_DELETION_SYNDROME,WP_16P112_DISTAL_DELETION_SYNDROME,1/504,30/6597,0.9083432080880822,0.9703684146981256,0.8797499411886679,7185,1
WP_DEVELOPMENT_AND_HETEROGENEITY_OF_THE_ILC_FAMILY,WP_DEVELOPMENT_AND_HETEROGENEITY_OF_THE_ILC_FAMILY,1/504,30/6597,0.9083432080880822,0.9703684146981256,0.8797499411886679,4783,1
WP_OSX_AND_MIRNAS_IN_TOOTH_DEVELOPMENT,WP_OSX_AND_MIRNAS_IN_TOOTH_DEVELOPMENT,1/504,30/6597,0.9083432080880822,0.9703684146981256,0.8797499411886679,4853,1
WP_PATHOGENIC_ESCHERICHIA_COLI_INFECTION,WP_PATHOGENIC_ESCHERICHIA_COLI_INFECTION,2/504,51/6597,0.9102179803366732,0.9703684146981256,0.8797499411886679,9181/8440,2
WP_DISRUPTION_OF_POSTSYNAPTIC_SIGNALING_BY_CNV,WP_DISRUPTION_OF_POSTSYNAPTIC_SIGNALING_BY_CNV,1/504,31/6597,0.9153776261059909,0.9703684146981256,0.8797499411886679,5595,1
WP_STEROL_REGULATORY_ELEMENTBINDING_PROTEINS_SREBP_SIGNALING,WP_STEROL_REGULATORY_ELEMENTBINDING_PROTEINS_SREBP_SIGNALING,3/504,71/6597,0.9165428734108434,0.9703684146981256,0.8797499411886679,22926/23175/6667,3
WP_WNT_SIGNALING,WP_WNT_SIGNALING,5/504,107/6597,0.9200931373458483,0.9703684146981256,0.8797499411886679,894/1487/3725/4609/80326,5
WP_COMPLEMENT_AND_COAGULATION_CASCADES,WP_COMPLEMENT_AND_COAGULATION_CASCADES,2/504,53/6597,0.9210621256901047,0.9703684146981256,0.8797499411886679,4179/2161,2
WP_MIRNA_TARGETS_IN_ECM_AND_MEMBRANE_RECEPTORS,WP_MIRNA_TARGETS_IN_ECM_AND_MEMBRANE_RECEPTORS,1/504,32/6597,0.9218731601362347,0.9703684146981256,0.8797499411886679,3693,1
WP_CALCIUM_REGULATION_IN_CARDIAC_CELLS,WP_CALCIUM_REGULATION_IN_CARDIAC_CELLS,7/504,141/6597,0.9221513506137466,0.9703684146981256,0.8797499411886679,309/811/2788/2870/5996/10636/5998,7
WP_CILIARY_LANDSCAPE,WP_CILIARY_LANDSCAPE,10/504,193/6597,0.9322677350482667,0.9779537330395218,0.8866268997372586,55207/875/79598/64708/8526/128239/4174/4289/4218/7322,10
WP_WNT_SIGNALING_IN_KIDNEY_DISEASE,WP_WNT_SIGNALING_IN_KIDNEY_DISEASE,1/504,34/6597,0.9334092565863759,0.9779537330395218,0.8866268997372586,80326,1
WP_SPLICING_FACTOR_NOVA_REGULATED_SYNAPTIC_PROTEINS,WP_SPLICING_FACTOR_NOVA_REGULATED_SYNAPTIC_PROTEINS,1/504,35/6597,0.9385230360592489,0.9797546842212324,0.8882596679438437,2036,1
WP_GLYCOGEN_SYNTHESIS_AND_DEGRADATION,WP_GLYCOGEN_SYNTHESIS_AND_DEGRADATION,1/504,36/6597,0.9432448266453719,0.9797546842212324,0.8882596679438437,5834,1
WP_STRIATED_MUSCLE_CONTRACTION_PATHWAY,WP_STRIATED_MUSCLE_CONTRACTION_PATHWAY,1/504,36/6597,0.9432448266453719,0.9797546842212324,0.8882596679438437,7171,1
WP_ZINC_HOMEOSTASIS,WP_ZINC_HOMEOSTASIS,1/504,36/6597,0.9432448266453719,0.9797546842212324,0.8882596679438437,7779,1
WP_PROTEASOME_DEGRADATION,WP_PROTEASOME_DEGRADATION,2/504,59/6597,0.9466572062641897,0.9797546842212324,0.8882596679438437,5711/7322,2
WP_GENES_RELATED_TO_PRIMARY_CILIUM_DEVELOPMENT_BASED_ON_CRISPR,WP_GENES_RELATED_TO_PRIMARY_CILIUM_DEVELOPMENT_BASED_ON_CRISPR,3/504,79/6597,0.9472990425078995,0.9797546842212324,0.8882596679438437,403/79598/84314,3
WP_HEART_DEVELOPMENT,WP_HEART_DEVELOPMENT,1/504,39/6597,0.9553469082900485,0.9832060996428348,0.8913887707342689,4208,1
WP_MESODERMAL_COMMITMENT_PATHWAY,WP_MESODERMAL_COMMITMENT_PATHWAY,6/504,137/6597,0.9564146622223426,0.9832060996428348,0.8913887707342689,268/57198/7044/5916/4088/6911,6
WP_22Q112_COPY_NUMBER_VARIATION_SYNDROME,WP_22Q112_COPY_NUMBER_VARIATION_SYNDROME,4/504,102/6597,0.9583358481616403,0.9832060996428348,0.8913887707342689,1592/3280/1104/8036,4
WP_COMMON_PATHWAYS_UNDERLYING_DRUG_ADDICTION,WP_COMMON_PATHWAYS_UNDERLYING_DRUG_ADDICTION,1/504,40/6597,0.9587786189063668,0.9832060996428348,0.8913887707342689,5595,1
WP_HIPPO_SIGNALING_REGULATION_PATHWAYS,WP_HIPPO_SIGNALING_REGULATION_PATHWAYS,3/504,87/6597,0.96723518968175215,0.9897766877463693,0.8973457602756667,5584/23683/4088,3
WP_ALZHEIMERS_DISEASE,WP_ALZHEIMERS_DISEASE,12/504,247/6597,0.9706012603339582,0.9911213715460927,0.8985648699208337,468/22926/91860/841/2081/2597/3667/5595/10105/7132/80326/7494,12
WP_FRAGILE_X_SYNDROME,WP_FRAGILE_X_SYNDROME,4/504,113/6597,0.9774084669350808,0.9926546889666388,0.8999549975157933,2549/6464/6895/51256,4
WP_SYNAPTIC_SIGNALING_PATHWAYS_ASSOCIATED_WITH_AUTISM_SPECTRUM_DISORDER,WP_SYNAPTIC_SIGNALING_PATHWAYS_ASSOCIATED_WITH_AUTISM_SPECTRUM_DISORDER,1/504,48/6597,0.9782683891265426,0.9926546889666388,0.8999549975157933,5595,1
WP_SYNAPTIC_VESICLE_PATHWAY,WP_SYNAPTIC_VESICLE_PATHWAY,1/504,48/6597,0.9782683891265426,0.9926546889666388,0.8999549975157933,6844,1
WP_OXIDATION_BY_CYTOCHROME_P450,WP_OXIDATION_BY_CYTOCHROME_P450,1/504,51/6597,0.982910109779649,0.9931915962836203,0.9004417654004272,1592,1
WP_PROXIMAL_TUBULE_TRANSPORT,WP_PROXIMAL_TUBULE_TRANSPORT,1/504,51/6597,0.982910109779649,0.9931915962836203,0.9004417654004272,9550,1
WP_MALE_INFERTILITY,WP_MALE_INFERTILITY,4/504,123/6597,0.9873132298205617,0.9937198753301284,0.9009207107711309,1106/2067/222229/7520,4
WP_CILIOPATHIES,WP_CILIOPATHIES,5/504,143/6597,0.9875477021914318,0.9937198753301284,0.9009207107711309,403/80776/114327/5147/84314,5
WP_OVERVIEW_OF_PROINFLAMMATORY_AND_PROFIBROTIC_MEDIATORS,WP_OVERVIEW_OF_PROINFLAMMATORY_AND_PROFIBROTIC_MEDIATORS,3/504,106/6597,0.9899251648722334,0.994041277823885,0.9012120988879508,6346/6348/7040,3
WP_METAPATHWAY_BIOTRANSFORMATION_PHASE_I_AND_II,WP_METAPATHWAY_BIOTRANSFORMATION_PHASE_I_AND_II,5/504,152/6597,0.9924728426759188,0.9945319149636282,0.9016569175653686,113189/1592/2052/2879/26151,5
WP_ALZHEIMERS_DISEASE_AND_MIRNA_EFFECTS,WP_ALZHEIMERS_DISEASE_AND_MIRNA_EFFECTS,12/504,303/6597,0.997393772620239,0.997393772620239,0.9042515188188285,468/22926/91860/841/2081/2597/3667/5595/10105/7132/80326/7494,12
